DC MAR Geocoding - Alternate Street Spelling File,,
,,
Please read the Instructions sheet carefully before making changes to this file!,,
,,Entered by
Incorrect spelling,Correct spelling,(initials)
1/2,HALF,MWE
10,10TH,BC
10 TH,10TH,PAT
10TH SE,10TH,RRR
10THST,10TH,BC
11,11TH,NHC
11 TH,11TH,LWG
11ST,11TH,BXW
11TH ST AP,11TH,BC
11THST,11TH,ANW
12,12TH,BXW
12 TH,12TH,BC
12ST,12TH,BC
12TGH,12TH,RRR
12THST,12TH,BC
13,13TH,BXW
13 TH,13TH,ANW
13HT,13TH,BC
13RD,13TH,BC
13TGH,13TH,BXW
13TH PI,13TH,BC
13TH SREET,13TH,JF
13TH ST B,13TH,BC
13TH ST REET,13TH,BC
13TH ST SEE,13TH,BC
13TH STS,13TH,BC
13THPL,13TH,ANW
13THST,13TH,ANW
13TTHPL,13TH,ANW
14,14TH,BXW
14 TH,14TH,ANW
14ST,14TH,BC
14T,14TH,BC
14TH PLAC,14TH,BC
14TH ST AP,14TH,BC
14THPL,14TH,ANW
14THST,14TH,BC
14TTH,14TH,BXW
15,15TH,ANW
15 TH,15TH,BC
15T,15TH,NHC
15TH ST 2B,15TH,BC
15THST,15TH,BC
16,16TH,BXW
16 TH,16TH,BC
16H,16TH,ANW
16H S,16TH,BXW
16ST,16TH,BC
16STST,16TH,ANW
16T,17TH,LWG
16TH ST AP,16TH,BC
16THST,16TH,BC
17,17TH,BXW
17ST,17TH,RRR
17THST,17TH,BC
17YH,17TH,BC
18,18TH,BXW
18 TH,18TH,ANW
18THST,18TH,ANW
19,19TH,PAT
19ST,19TH,BC
1NDEPENDNCE,INDEPENDENCE,BC
1STST,1ST,BC
1TH,1ST,BXW
20,20TH,BC
20 TH,20TH,ANW
20THM,20TH,BC
21,21ST,BXW
21RST,21ST,BXW
21ST ST N,21ST,BC
21TH,21ST,BC
22,22ND,PAT
22END,22ND,BXW
23,23RD,ANW
23TH,23RD,EHG
24,24TH,RRR
24ND,24TH,BC
25,25TH,BXW
25TH ST SE,25TH,ANW
29,29TH,PAT
29TH 29TH,29TH,ANW
2ND ST AP,2ND,BC
2ND STRRET,2ND,BC
2NS,2ND,BC
2ST,2ND,BC
3 RD,3RD,BC
30 TH,30TH,ANW
31,31ST,JF
31ST ST AE,31ST,ANW
31TH,31ST,EHG
32,32ND,BXW
32ST,32ND,BC
32TH,32ND,BXW
33ND,33RD,LWG
34 TH,34TH,PAT
35,35TH,RRR
36,36TH,BXW
37,37TH,PAT
37TH PLACESE,37TH,ANW
37THTH,37TH,BC
3OTH,30TH,ANW
3R,3RD,BC
3RD ST SW,3RD,BC
3RD STTEET,3RD,BC
3RDE,3RD,ANW
3RDST,3RD,BC
3TH,3RD,ANW
4 TH,4TH,BC
4 THST,4TH,BC
41,41ST,BC
41T,T,BC
41TH,41ST,BC
42,42ND,PAT
42 ND,42ND,BC
42RD,42ND,BXW
42ST,42ND,PAT
43,43RD,PAT
43TH,43RD,ANW
44,44TH,RRR
44 TH,44TH,BC
44THST,44TH,BC
45,45TH,JF
45TH STT,45TH,BC
45TRH,45TH,BC
46,46TH,BXW
46 TH,46TH,ANW
46TH PL ACE,46TH,ANW
47 TH,47TH,BC
47ST,47TH,BC
48,48TH,PAT
48H,48TH,BXW
4THST,4TH,BC
5 4TH,4TH,BC
5 TH,5TH,BXW
50,50TH,JF
50 TH,50TH,ANW
50ST,50TH,ANW
51,51ST,BXW
51 ST,51ST,BC
51 TH,51ST,BC
5100C,C,BC
51TH,51ST,BXW
52,52ND,RRR
52DN,52ND,BC
52TH,52ND,BC
53,53RD,ANW
54,54TH,JF
54TH ST REET,54TH,BC
55,55TH,ANW
55ST,55TH,BC
55THST,55TH,ANW
55TN,55TH,PAT
56,56TH,BXW
56TH ST,56TH,BC
57,57TH,MWE
57 TH,57TH,BC
58THST,58TH,ANW
5IST,51ST,BC
5OTH,50TH,RRR
5TH STM,5TH,BC
5THST,5TH,BC
6 TH,6TH,BC
60 TH,60TH,BC
60TH S,60TH,BXW
60TH ST REET,60TH,BC
62 ND,62ND,ANW
62TH,62ND,BC
63ND,63RD,BC
63RD ST REET,63RD,ANW
63TH,63RD,BXW
6ST,6TH,BC
6THST,6TH,BC
6TTH,6TH,EHG
7,7TH,ANW
7 TH,7TH,ANW
7ST,7TH,NHC
7TH DT,7TH,BC
7THST,7TH,ANW
8,8TH,ANW
8 TH,8TH,BXW
8TH ST AP,8TH,BC
8THST,8TH,BC
9 TH,9TH,ANW
9ST,9TH,BC
9TH ST ES,9TH,ANW
9TH ST REET,9TH,BC
9TTH,9TH,BXW
ABBY,ABBEY,EHG
ACHESAPEAKE,CHESAPEAKE,BXW
ADAAMS,ADAMS,BC
ADAM,ADAMS,BXW
AGDEN,OGDEN,BC
AIMES,AMES,BXW
AIMS,AMES,BXW
AINGLER,AINGER,LWG
AL,ALABAMA,BXW
ALA,ALABAMA,BXW
ALABAMA A VE,ALABAMA,ANW
ALABAMA AV SR,ALABAMA,ANW
ALABAMA AVENE,ALABAMA,BC
ALABAMA AVER,ALABAMA,BC
ALABAMA AVEUNE,ALABAMA,ANW
ALABOMA,ALABAMA,ANW
ALAMABA,ALABAMA,BC
ALAMBA,ALABAMA,BC
ALAMBAMA,ALABAMA,ANW
ALANTIC,ATLANTIC,BXW
ALBERMARLE,ALBEMARLE,MWE
ALLAMONT,ALTAMONT,BC
ALLISION,ALLISON,BC
ALLISN,ALLISON,BC
ALLISON AT,ALLISON,BC
ALLISON ST AP,ALLISON,BC
ALTANTIC,ATLANTIC,BC
ALTLANTIC,ATLANTIC,BXW
ANAACOSTIA,ANACOSTIA,BC
ANACASTIA,ANACOSTIA,ANW
ANACOATIA,ANACOSTIA,LWG
ANACOSIA,ANACOSTIA,BXW
ANACOSITA,ANACOSTIA,LWG
ANACOSTA,ANACOSTIA,BXW
ANACOSTIS,ANACOSTIA,BC
ANACOSTRA,ANACOSTIA,ANW
ANACOSYIA,ANACOSTIA,ANW
ANACOTIA,ANACOSTIA,ANW
ANCOSTIA,ANACOSTIA,BXW
ANICOTA,ANACOSTIA,PAT
ANIGER,AINGER,ANW
ANNACOSTIA,ANACOSTIA,ANW
ANOCOSTIA,ANACOSTIA,ANW
AOUTHERN,SOUTHERN,ANW
APEN,ASPEN,PAT
ARONALD,ARNOLD,BC
ARONOLD,ARNOLD,ANW
ASCOTT,ASCOT,BC
ASTAOR,ASTOR,BC
ASTIR,ASTOR,ANW
ASTON,ASTOR,LWG
ASTRO,ASTOR,BC
ATLANCTIC,ATLANTIC,BC
ATLANIC,ATLANTIC,ANW
ATLANTIE,ATLANTIC,BC
AVANNAH,SAVANNAH,ANW
AYENS,AYERS,ANW
BA TES,BATES,PAT
BALVESTON,GALVESTON,ANW
BANGER,BANGOR,ANW
BANGO,BANGOR,BXW
BANK,BANKS,RRR
BANKER HILL,BUNKER HILL,BC
BANNABY,BARNABY,ANW
BARABY,BARNABY,ANW
BARANABY,BARNABY,ANW
BARBABY,BARNABY,BC
BARNABT,BARNABY,BC
BARNABYTERRACE,BARNABY,BC
BARNANY,BARNABY,BC
BARNBEY,BARNABY,BC
BARNDYWINE,BRANDYWINE,BC
BASE,BASS,ANW
BEKMONT,BELMONT,ANW
BELLVUE,BELLEVUE,RRR
BELMONNT,BELMONT,BC
BEN NING,BENNING,BC
BENING,BENNING,BXW
BENN,BENNING,ANW
BENNET,BENNETT,LWG
BENNIG,BENNING,BC
BENNINGRD,BENNING,BC
BENNINGROAD,BENNING,BXW
BENNINGS,BENNING,BC
BENNNING,BENNING,BC
BERNABY,BARNABY,EHG
BFAIRMONT,FAIRMONT,BC
BLADENBURG,BLADENSBURG,BC
BLAGDENS,BLAGDEN,PAT
BLAGNESBURG,BLADENSBURG,BC
BLAIN,BLAINE,BC
BLAKELY LN,BLAKNEY,BC
BLAKENEY,BLAKNEY,BC
BLALINE,BLAINE,BXW
BLANDENSBURG,BLADENSBURG,BC
BLANE,BLAINE,BC
BLANKEY,BLAKNEY,MWE
BLEMONT,BELMONT,BC
BOINI,BONINI,BC
BONI,BONINI,BC
BONIN,BONINI,ANW
BORTHERS P,BROTHERS,BXW
BOWEN RAOD,BOWEN,ANW
BOWNE,BOWEN,BC
BR YANT,BRYANT,PAT
BRANCE,BRANCH,BXW
BRANDWINE,BRANDYWINE,BC
BRANDYWIND,BRANDYWINE,BC
BRANDYWNEST,BRANDYWINE,BC
BRANDYWUNE,BRANDYWINE,BC
BRANNDYWINE,BRANDYWINE,BC
BRANYWINE,BRANDYWINE,BC
BRENDWOOD,BRENTWOOD,BC
BRENTWWOD,BRENTWOOD,BXW
BRINEY,BIRNEY,ANW
BROAD,BROAD BRANCH,BXW
BROOK,BROOKS,BXW
BROTHER,BROTHERS,BXW
BROTHES,BROTHERS,BC
BST,B,BC
BUCHANA,BUCHANAN,ANW
BUCHANNAN,BUCHANAN,BXW
BUCHANON,BUCHANAN,BXW
BUENA,BUENA VISTA,BC
BUENA V,BUENA VISTA,ANW
BUENA VIS,BUENA VISTA,BC
BUENA VIST,BUENA VISTA,ANW
BUENA VISTATERR,BUENA VISTA,ANW
BUENA VSIA,BUENA VISTA,BC
BUENA VUST,BUENA VISTA,BC
BUENAVISTA,BUENA VISTA,PAT
BUENTA VISTA,BUENA VISTA,BC
BULTER,BUTLER,BC
BUNEA VISTA,BUENA VISTA,BC
BUNKER HILL R,BUNKER HILL,BC
BUNKERHILL,BUNKER HILL,EHG
BUNNKER HILL,BUNKER HILL,BC
BUNWELL,BURWELL,BXW
BURBANKS,BURBANK,JF
BURBARK,BURBANK,BC
BURBKANK,BURBANK,BC
BURCE,BURKE,BC
BUREA VISTA,BUENA VISTA,BC
BURN,BURNS,ANW
BURNA VISTA,BUENA VISTA,LWG
BURNHAM PS,BURNHAM,ANW
BURNHUM,BURNHAM,ANW
BURNS CPL,BURNS,MWE
BURROUGHS,NANNIE HELEN BURROUGHS,JF
BURWELL ST BAFB,BURWELL,ANW
BUTLER TS,BUTLER,BC
BUTTLER,BUTLER,ANW
BVENA VISTA,BUENA VISTA,BC
BYRANT,BRYANT,BC
C J BARNEY,COMMODORE JOSHUA BARNEY,BXW
C J BRNY,COMMODORE JOSHUA BARNEY,BXW
C ST REET,C,BC
CALIF,CALIFORNIA,PAT
CALIFRONIA,CALIFORNIA,PAT
CALL PLACESE,CALL,BC
CANAL TOWPATH,CANAL,PAT
CAPITAL,CAPITOL,JF
CAPITAL SQ,CAPITOL SQUARE,PAT
CAPITAL SQUARE,CAPITOL SQUARE,PAT
CAPITOL SQ,CAPITOL SQUARE,MWE
CARENTER,CARPENTER,BC
CARROLBURG,CARROLLSBURG,PAT
CARROLLBURG,CARROLLSBURG,BXW
CARROLLBURGS,CARROLLSBURG,BC
CARROLSBERG,CARROLLSBURG,EHG
CARROLSBUG,CARROLLSBURG,PAT
CARROLSBURG,CARROLLSBURG,PAT
CARSWEKK,CARSWELL,BXW
CARSWELL CIR BOLL,CARSWELL,BC
CATHEDRAL AV WEST,CATHEDRAL,BC
CATHEDRAL VE,CATHEDRAL,ANW
CATHEDRALL,CATHEDRAL,PAT
CATHERDAL,CATHEDRAL,ANW
CATHERDRAL,CATHEDRAL,ANW
CATHERIAL,CATHEDRAL,ANW
CEADAR,CEDAR,BXW
CEADER,CEDAR,BC
CEADR,CEDAR,BC
CENRAL,CENTRAL,BXW
CENTERAL,CENTRAL,BXW
CHAIN GRIDGE,CHAIN BRIDGE,MWE
CHAMPLIN,CHAMPLAIN,ANW
CHANING,CHANNING,BC
CHAOIN,CHAPIN,BXW
CHAPIN ST AP,CHAPIN,BC
CHAPLILN,CHAPLIN,BC
CHEASAPPEAKE,CHESAPEAKE,BXW
CHEASEPEAKE,CHESAPEAKE,BXW
CHEASPEAKE,CHESAPEAKE,ANW
CHESAPEAK,CHESAPEAKE,ANW
CHESAPEAKA,CHESAPEAKE,BXW
CHESAPEKE,CHESAPEAKE,ANW
CHESAPKE,CHESAPEAKE,BXW
CHESEAPEAKE,CHESAPEAKE,ANW
CHESEPEAKE,CHESAPEAKE,ANW
CHESNUT,CHESTNUT,ANW
CHESPEAKE,CHESAPEAKE,EHG
CHILDLESS,CHILDRESS,PAT
CHILLIM,CHILLUM,BC
CHILLIUM,CHILLUM,BC
CHILLOM,CHILLUM,BXW
CHILLUMPLACE,CHILLUM,BC
CHN BRIDGE,CHAIN BRIDGE,PAT
CHSEAPEAKE,CHESAPEAKE,ANW
CHULLIUM,CHILLUM,BC
CILFTON,CLIFTON,BC
CILLUM,CHILLUM,BC
CJ BARNEY,COMMODORE JOSHUA BARNEY,BXW
CJ BRNY,COMMODORE JOSHUA BARNEY,BXW
CJBRNY,COMMODORE JOSHUA BARNEY,BXW
CLAGGETT,CLAGETT,ANW
CLAT,CLAY,BXW
CLEMONT,CLERMONT,BC
CLIFFBORNE,CLIFFBOURNE,PAT
CLIFFTON,CLIFTON,BXW
CLIFON,CLIFTON,BC
CLIFTON ST AP,CLIFTON,BC
CLIFTON ST S,CLIFTON,BC
CLIFTON ST W,CLIFTON,BC
CLIFTONS,CLIFTON,ANW
CLITON,CLIFTON,LWG
CM BARNEY,COMMODORE JOSHUA BARNEY,BC
COCSTITUTION,CONSTITUTION,ANW
COKUMBIA,COLUMBIA,ANW
COLD,COLE,BC
COLORADA,COLORADO,PAT
COLORDO,COLORADO,PAT
COLORODO,COLORADO,PAT
COLUMBIS,COLUMBIA,ANW
COLUMIA,COLUMBIA,ANW
COLUMIBIA,COLUMBIA,BC
COMGRESS,CONGRESS,BC
COMM JOSHUA BARNEY,COMMODORE JOSHUA BARNEY,PAT
COMMODORE J BARNEY,COMMODORE JOSHUA BARNEY,ANW
COMMODORE JB,COMMODORE JOSHUA BARNEY,EHG
COMMODORE JOSH BARNE,COMMODORE JOSHUA BARNEY,BC
COMMODORE JOSHUA,COMMODORE JOSHUA BARNEY,BC
COMMODORE JOSHUA B,COMMODORE JOSHUA BARNEY,BC
COMNGRESS,CONGRESS,BC
CONDIN,CONDON,BC
CONGESS,CONGRESS,BC
CONGREES,CONGRESS,ANW
CONN,CONNECTICUT,PAT
CONNECICUT,CONNECTICUT,ANW
CONNECITICUT,CONNECTICUT,BXW
CONNECTICIUT,CONNECTICUT,PAT
CONNECTICUIT,CONNECTICUT,MWE
CONNECTICUTE,CONNECTICUT,PAT
CONNECTINUT,CONNECTICUT,PAT
CONNECTIUT,CONNECTICUT,EHG
CONNETIVE,CONNECTICUT,PAT
CONST,CONSTITUTION,BC
CONSTITIUTION,CONSTITUTION,BC
CONSTITUIION,CONSTITUTION,BC
CONSTITUITION,CONSTITUTION,LWG
CONSTUTION,CONSTITUTION,EHG
COUFFUT,CROFFUT,PAT
COUMBIA,COLUMBIA,BC
CRAFFUT,CROFFUT,ANW
CREITTENDEN,CRITTENDEN,PAT
CRINTTEN,CRITTENDEN,BC
CRITTEENDEN,CRITTENDEN,ANW
CRITTENDAN,CRITTENDEN,ANW
CRITTENDON,CRITTENDEN,ANW
CRITTERDEN,CRITTENDEN,BC
CROFFUTT,CROFFUT,LWG
CRONWELL,CROMWELL,ANW
CRONWELLTERRACE,CROMWELL,LWG
CRONWLL,CROMWELL,ANW
CRRITTENDEN,CRITTENDEN,BXW
CRRITTENDEN DR,CRITTENDEN,BXW
CST,C,BC
CUDAR,CEDAR,ANW
CUSHINGS,CUSHING,ANW
D STA,D,BC
DAHILIA,DAHLIA,ANW
DANBORY,DANBURY,BXW
DANBURI,DANBURY,BC
DANSBURY,DANBURY,LWG
DARINGTONST,DARRINGTON,BC
DAUGLAS,DOUGLAS,BXW
DAVISION,DIVISION,BC
DECAATUR,DECATUR,BC
DECATER,DECATUR,BC
DECATOR,DECATUR,BC
DECATURE,DECATUR,BC
DECATURS,DECATUR,BC
DELA FIELD,DELAFIELD,BC
DELAFEILD,DELAFIELD,BC
DELAFIED,DELAFIELD,BC
DELAFIELS,DELAFIELD,BC
DELAFILD,DELAFIELD,ANW
DELAWAEE,DELAWARE,BC
DELAWAEE AVE,DELAWARE,BC
DELEWARE,DELAWARE,PAT
DELFIELD,DELAFIELD,BC
DELLAFIELD,DELAFIELD,ANW
DELWARE,DELAWARE,ANW
DEPENSE,DEFENSE,BC
DERRINGTON,DARRINGTON,RRR
DEXTER TERRSE,DEXTER,BC
DIV,DIVISION,ANW
DIVISON,DIVISION,BXW
DOUBLAS,DOUGLAS,ANW
DOULAS,DOUGLAS,BXW
DOWING,DOWNING,BC
DOWINING,DOWNING,BC
DOWNINGS,DOWNING,BXW
DST,D,ANW
DUBBINGTON,DUDDINGTON,NHC
DUBOIS PACESE,DUBOIS,BC
DUBOIS PLY,DUBOIS,NHC
DUBOISE,DUBOIS,BC
DUBOSE,DUBOIS,BC
DUNBARTON,DUMBARTON,PAT
E BEACH,EAST BEACH,PAT
E CAP,EAST CAPITOL,PAT
E CAPITAL,EAST CAPITOL,JF
E CAPITOL,EAST CAPITOL,BC
E CAPITOL PLAZA,EAST CAPITOL,BXW
E CAPITOL SR,EAST CAPITOL,BC
E CAPTIOL,EAST CAPITOL,BC
EADS SDT,EADS,ANW
EAKER LA BAFB,EAKER,ANW
EAKER LA BOLLING,EAKER,BC
EAKER LA E,EAKER,BC
EARKER,EAKER,BC
EARTERN,EASTERN,BC
EAST CAITOL,EAST CAPITOL,BC
EAST CAP,EAST CAPITOL,ANW
EAST CAPITAL,EAST CAPITOL,ANW
EAST CAPITAL SE,EAST CAPITOL,BXW
EAST CAPITL,EAST CAPITOL,BC
EAST CAPST,EAST CAPITOL,BC
EAST CAPT,EAST CAPITOL,ANW
EAST CAPTIAL,EAST CAPITOL,ANW
EAST CAPTIOL,EAST CAPITOL,BC
EAST CAPTOL,EAST CAPITOL,BXW
EAST EDWARDS,EDWARDS,EHG
EASTCAPITOL,EAST CAPITOL,BC
EASTEN,EASTERN,ANW
EASTER,EASTERN,BC
EASTERN AV NW,EASTERN,BC
EATION,EATON,BXW
ECAPITAL,EAST CAPITOL,BC
ECAPITOL,EAST CAPITOL,BC
ECAPITOLST,EAST CAPITOL,BC
ECLID,EUCLID,BXW
EDEGEWOOD,EDGEWOOD,BC
EDEWOOD,EDGEWOOD,ANW
EDGE VALE,EDGEVALE,BC
EDGELWOOD,EDGEWOOD,BC
EDGEWOD,EDGEWOOD,BC
EDGEWOOOD,EDGEWOOD,PAT
EDGEWOOT,EDGEWOOD,ANW
EDGLEWOOD,EDGEWOOD,BC
EDISON,EDSON,JF
EGGEWOOD,EDGEWOOD,LWG
EIGHTEENTH,18TH,NHC
EIGHTH,8TH,PAT
EIVANS,ELVANS,ANW
ELEVENTH,11TH,MWE
ELGIN,EGLIN,EHG
ELMIA,ELMIRA,BC
ELVAMS,ELVANS,BC
ELVAN,ELVANS,BXW
ELVINS,ELVANS,BXW
ELVIRA,ELMIRA,LWG
EMBASSY PK,EMBASSY PARK,ANW
EMMANUEL CURT,EMMANUEL,ANW
ENCLID,EUCLID,PAT
ENFANT PLAZA,LENFANT,PAT
ERI,ERIE,BC
EST,E,ANW
ESTER,ESTHER,PAT
EUCLIC,EUCLID,PAT
EUCLID ST AP,EUCLID,BC
EVART,EVARTS,BC
EYE,I,NHC
F DUPONT,FORT DUPONT,BC
F ST,F STREET,PAT
F00TE,FOOTE,PAT
FAILRMONT,FAIRMONT,BC
FAIRLAND,FAIRLAWN,BXW
FAIRMIONT,FAIRMONT,ANW
FAIRMON,FAIRMONT,BC
FAIRMOUNT,FAIRMONT,BXW
FAIRRMANT,FAIRMONT,BXW
FALLLA,FALLS,MG
FALLS TERACE,FALLS,PAT
FALLS TERRR,FALLS,BC
FARADY,FARADAY,BC
FARAGUT,FARRAGUT,BXW
FARDAY,FARADAY,BC
FARGUT,FARRAGUT,BXW
FARIMONT,FAIRMONT,BC
FARIRLAWN,FAIRLAWN,BC
FARRADAY,FARADAY,BC
FARRAGET,FARRAGUT,BXW
FARRAGIT,FARRAGUT,BXW
FARRAUT,FARRAGUT,BXW
FARRGUT,FARRAGUT,ANW
FARRMONT,FAIRMONT,ANW
FARRUGAT,FARRAGUT,ANW
FARRUGUT,FARRAGUT,BC
FENDELL,FENDALL,RRR
FENNDALL,FENDALL,BXW
FFORT DUPONT,FORT DUPONT,BC
FGLAGLER,FLAGLER,BC
FIELD PLACENE,FIELD,LWG
FIFTEENTH,15TH,NHC
FIFTHTEENTH,15TH,NHC
FINRST,1ST,BXW
FITCH ST E,FITCH,BC
FLAGER,FLAGLER,LWG
FLAGGLER,FLAGLER,BC
FLANGLEY,LANGLEY,BC
FLORDA,FLORIDA,BC
FLORDIA,FLORIDA,ANW
FLORDIA AVFE,FLORIDA,ANW
FLORIDA ANE,FLORIDA,PAT
FLORIDIA,FLORIDA,ANW
FOOT,FOOTE,BXW
FORD TOTTEN,FORT TOTTEN,BC
FORRESSTER,FORRESTER,ANW
FORREST LNE,FOREST,ANW
FORRESTON,FORRESTER,BC
FORT BAKERS,FORT BAKER,BC
FORT DUPORT,FORT DUPONT,BXW
FORT STEVEN,FORT STEVENS,BC
FORT TEVENS,FORT STEVENS,BC
FORT TOTTENS,FORT TOTTEN,BC
FORT TOTTON,FORT TOTTEN,ANW
FORTE,FORT,ANW
FORTE DUPONT,FORT DUPONT,ANW
FORTSTEVEN,FORT STEVENS,BXW
FORTTOTEM,FORT TOTTEN,ANW
FORTY SIXTH,46TH,PAT
FOURTEENTH,14TH,BXW
FOURTEENTH ST AP,14TH,BC
FOURTH,4TH,BXW
FOUTH,4TH,BXW
FOX HALL,FOXHALL,ANW
FRAISER,FRASER,PAT
FRANKLIN STN ME,FRANKLIN,BC
FRANKLINE,FRANKLIN,EHG
FRANLKIN,FRANKLIN,ANW
FRARRAGUT,FARRAGUT,ANW
FRED DOUGLAS,FREDERICK DOUGLASS,BC
FREDERICK,FREDERICK DOUGLASS,BC
FREDERICK DOUGLAS,FREDERICK DOUGLASS,ANW
FREDERICK DOUGLAS CTSE,FREDERICK DOUGLASS,ANW
FREDERICK DOUGLAS PL S,FREDERICK DOUGLASS,BC
FREDRICK DIUG,FREDERICK DOUGLASS,BC
FREDRICK DOUG,FREDERICK DOUGLASS,BC
FREDRICK DOUGLAS,FREDERICK DOUGLASS,ANW
FRIST,1ST,BC
FRNAKLIN,FRANKLIN,BC
FRRANKLIN,FRANKLIN,ANW
FST,F,BC
FSTRRET,F,BC
FT BAKER,FORT BAKER,ANW
FT DAVIS,FORT DAVIS,ANW
FT DUPONT,FORT DUPONT,PAT
FT DUPONTST,FORT DUPONT,ANW
FT LINCOLN,FORT LINCOLN,MAG
FT STEVEN,FORT STEVENS,BXW
FT STEVENS,FORT STEVENS,BC
FT TOTTEN,FORT TOTTEN,BXW
FTSTEVENS,FORT STEVENS,BC
FTSTEVENSDR,FORT STEVENS,BC
FTTOTTEN,FORT TOTTEN,ANW
G ST REET,G,BC
GA,GEORGIA,BXW
GAAVE,GEORGIA,ANW
GAINES,GAINESVILLE,BC
GAINES ST,GAINESVILLE,BC
GAINESVILE,GAINESVILLE,ANW
GAINESVILL,GAINESVILLE,BC
GAINESVILLE ST,GAINESVILLE,PAT
GAINESVILLT,GAINESVILLE,BC
GAINEVILLE,GAINESVILLE,ANW
GAINSVILL,GAINESVILLE,BC
GAINSVILLE,GAINESVILLE,BC
GAINVILLE,GAINESVILLE,BC
GALE,GALES,BXW
GALEVESTON,GALVESTON,BC
GALLANTIN,GALLATIN,BXW
GALLAUDET UNIV,GALLAUDET,BC
GALLAUDETT,GALLAUDET,BC
GALLENS,GALEN,PAT
GALLIATIN,GALLATIN,ANW
GALLITIN,GALLATIN,ANW
GALLUDET,GALLAUDET,BXW
GALLVESTON,GALVESTON,BXW
GALVASTON,GALVESTON,BC
GALVENSTON,GALVESTON,ANW
GALVERSTON,GALVESTON,BC
GALVERTON,GALVESTON,BC
GALVESEON,GALVESTON,BC
GALVESION,GALVESTON,BC
GALVESTOR,GALVESTON,PAT
GANEVILLE,GAINESVILLE,ANW
GAULT PL NER,GAULT,BC
GAVELSTON,GALVESTON,BXW
GAYS,GAY,ANW
GEORGA,GEORGIA,BXW
GEORGE,GEORGIA,PAT
GEORGIE,GEORGIA,ANW
GEORIA,GEORGIA,LWG
GERARD,GIRARD,BC
GERGIA,GEORGIA,ANW
GEROGIA,GEORGIA,BXW
GERRGIA,GEORGIA,ANW
GIARD,GIRARD,BC
GIORGIA,GEORGIA,PAT
GIRAD,GIRARD,BC
GIRALD,GIRARD,MG
GIRAUD,GIRARD,ANW
GIRRAD,GIRARD,BC
GLAVESTON,GALVESTON,BXW
GOAL HOPE,GOOD HOPE,PAT
GOERGIA,GEORGIA,ANW
GONDON,GORMAN,BC
GOOD HOP,GOOD HOPE,MG
GOOD HOPERD,GOOD HOPE,BXW
GOODE HOPE,GOOD HOPE,BC
GOODHOPE,GOOD HOPE,BXW
GORGIA,GEORGIA,BXW
GORMEN,GORMAN,BC
GRAD,GIRARD,ANW
GRARD,GIRARD,ANW
GREEEN,GREEN,BC
GRESHAN,GRESHAM,ANW
GST,G,BXW
GUALT,GAULT,RRR
HAARTFORD,HARTFORD,MWE
HAITT,HIATT,BC
HALLY,HALLEY,BC
HAMILIN,HAMLIN,BC
HAMILITON,HAMILTON,BXW
HAMILTON S,HAMILTON,BXW
HAMITON,HAMILTON,BC
HAMLITON,HAMILTON,BC
HANDOVER,HANOVER,BC
HANNAH,HANNA,BC
HANNAN,HANNA,BC
HANNER,HANNA,BC
HARFORD,HARTFORD,MWE
HARTFOR,HARTFORD,BC
HARTFORD SR,HARTFORD,BC
HARVAD,HARVARD,BC
HARVART,HARVARD,BC
HARWARD,HARVARD,BC
HATT,HIATT,BC
HAVARD,HARVARD,BC
HAVES,HAYES,RRR
HAWAI,HAWAII,MG
HAWTHORN,HAWTHORNE,BC
HAWTHRONE,HAWTHORNE,ANW
HAYE,HAYES,BC
HAYES T,HAYES,BC
HAYESST,HAYES,BC
HAYNES,HAYES,BC
HAYSE,HAYES,BC
HERFORD,HERTFORD,BC
HIGH VIEW,HIGHVIEW,BXW
HIGHVEIW,HIGHVIEW,BXW
HILDERTH,HILDRETH,BC
HILL TOP,HILLTOP,PAT
HILLCRSET,HILLCREST,BC
HOBARD,HOBART,BC
HOLBART,HOBART,BC
HOLBROO,HOLBROOK,RRR
HOLBROOKP,HOLBROOK,BC
HOLBROOKS,HOLBROOK,EHG
HOLLBROOK,HOLBROOK,LWG
HOLLEY,HALLEY,RRR
HORTFORD,HARTFORD,BXW
HOWRAD,HOWARD,ANW
HPATRICK,PATRICK,ANW
HUIDEPOKER,HUIDEKOPER,BC
HUN,HUNT,BC
HUNT P,HUNT,BXW
HUNTS,HUNT,LWG
HYATT,HIATT,BXW
HYES,HAYES,PAT
I STST,I,BC
ILINOIS,ILLINOIS,ANW
ILL,ILLINOIS,PAT
ILLINIOS,ILLINOIS,BXW
ILLINOISE,ILLINOIS,LWG
ILLINOS,ILLINOIS,PAT
ILLINOSIS,ILLINOIS,BXW
ILLIONIOS,ILLINOIS,MG
ILLIONIS,ILLINOIS,BXW
ILLIONOIS,ILLINOIS,MG
ILLNOIS,ILLINOIS,ANW
ILLONIS,ILLINOIS,ANW
INDENPENDENCE,INDEPENDENCE,ANW
INDEP,INDEPENDENCE,ANW
INDEPEN AVE,INDEPENDENCE,BXW
INDEPENCE,INDEPENDENCE,LWG
INDEPENDANCE,INDEPENDENCE,BC
INDEPENDNC,INDEPENDENCE,RRR
INDEPENDNCE,INDEPENDENCE,BC
INDEPENETS,INDEPENDENCE,BC
INDEPNDNCE,INDEPENDENCE,RRR
INGRAHM,INGRAHAM,LWG
INGRAHUAM,INGRAHAM,BC
INGRAM,INGRAHAM,BC
INVAHOE,IVANHOE,LWG
IOWA AV,IOWA,BC
IRANROE,IVANHOE,BC
IRIVING,IRVING,BXW
IRVIN,IRVING,BC
IRVINE,IRVING,BXW
IRVING ST AP,IRVING,BC
IRVINGIN,IRVINGTON,BC
IRVINGTONST,IRVINGTON,BC
IRVINR,IRVING,BC
ISHENWOOD,ISHERWOOD,ANW
IVANHO,IVANHOE,ANW
IVANHPOE,IVANHOE,BC
IVENHOE,IVANHOE,BC
IVING,IRVING,BC
JAMES M MCGEE,JAMES M MCGEE JR,ANW
JAMES MCGEE,JAMES M MCGEE JR,ANW
JAMES MCGHEE,JAMES M MCGEE JR,ANW
JASPER S,JASPER,JF
JASPERS,JASPER,BXW
JAY ST NEN,JAY,BC
JCKSON,JACKSON,BXW
JEFERSON,JEFFERSON,EHG
JEFFEERSON,JEFFERSON,BC
JEFFENRSON,JEFFERSON,BXW
JEFFERESON,JEFFERSON,BXW
JEFFERSPM,JEFFERSON,LWG
JEFFERSSON,JEFFERSON,BC
JEFFRESON,JEFFERSON,LWG
JENNIFER,JENIFER,NHC
JFFERSON,JEFFERSON,BXW
JM MCGEE JR,JAMES M MCGEE JR,BC
JMMCGEE JR,JAMES M MCGEE JR,BC
JOIET,JOLIET,BC
JOILET,JOLIET,BXW
JOLET,JOLIET,BC
JOSHUA BARNEY,COMMODORE JOSHUA BARNEY,BXW
JOYCELYN,JOCELYN,ANW
JUSR,JUST,ANW
K ST BE,K,BC
K ST NS,K,BC
K STRRET,K,ANW
KALARAMA,KALORAMA,ANW
KALORAM,KALORAMA,BC
KANDALL,KENDALL,ANW
KANSA,KANSAS,BC
KANSIS,KANSAS,ANW
KEARNEY,KEARNY,BC
KEARNYST,KEARNY,PAT
KEARY,KEARNY,ANW
KEATNEY,KEARNY,BC
KEENEDY,KENNEDY,ANW
KEEPER,KEEFER,BXW
KENELWORTH,KENILWORTH,BC
KENENDY,KENNEDY,BC
KENILWOTH,KENILWORTH,ANW
KENIWORTH,KENILWORTH,BXW
KENLWORTH,KENILWORTH,BC
KENNALLWORTH,KENILWORTH,BC
KENNDEY,KENNEDY,ANW
KENNDY,KENNEDY,BXW
KENNEDYT,KENNEDY,BXW
KENNILWORTH,KENILWORTH,BC
KENNNEDY,KENNEDY,PAT
KENTCUKY,KENTUCKY,BC
KENTUCHKY,KENTUCKY,ANW
KENYNO,KENYON,BXW
KEYON,KENYON,MG
KHAMER,KRAMER,BC
KISLING ST BAFB,KISLING,ANW
KNOX HILL,KNOX,MWE
KST,K,EHG
L ENFANT,LENFANT,PAT
L K,MARTIN LUTHER KING JR,NHC
LA,LANE,PAT
LACKLAND WAY G BA,LACKLAND,BC
LAMANT,LAMONT,BC
LANGLEY WAY BAFB,LANGLEY,ANW
LANSFELLOW AP,LONGFELLOW,BC
LAURENCE,LAWRENCE,ANW
LEE SR,LEE,BC
LEEGALE,LEEGATE,BC
LEVI,LEVIS,EHG
LEWIS,LEVIS,BC
LINCOLD,LINCOLN,BC
LINVINGSTON,LIVINGSTON,BC
LINVINGSTON TERRACE,LIVINGSTON,BC
LIVIGNSTON,LIVINGSTON,ANW
LIVIGSTON,LIVINGSTON,BC
LIVINGSTON RD D,LIVINGSTON,BC
LIVINGSTON ROADSE,LIVINGSTON,BC
LIVINGSTON TERRACET,LIVINGSTON,ANW
LIVINGSTONG,LIVINGSTON,BXW
LIVINGSTONRD,LIVINGSTON,ANW
LIVINGSTONROAD,LIVINGSTON,ANW
LIVINGTON,LIVINGSTON,BXW
LOGAN CL,LOGAN,MWE
LOMONT,LAMONT,PAT
LONFGELLOW,LONGFELLOW,BC
LONG FELLOW,LONGFELLOW,EHG
LONGELLOW,LONGFELLOW,BC
LONGFELLOW ST5REET,LONGFELLOW,BC
LOUCHBORO,LOUGHBORO,MWE
LOUD PLACESE,LOUD,ANW
LST,L,BC
LYDALE,LYNDALE,ANW
LYDALE PLACE,LYNDALE,BXW
LYMANN,LYMAN,BC
M L K,MARTIN LUTHER KING JR,ANW
M L K JR,MARTIN LUTHER KING JR,PAT
M L KING,MARTIN LUTHER KING JR,ANW
M L KING JR,MARTIN LUTHER KING JR,ANW
M L KING JRAVE,MARTIN LUTHER KING JR,BC
MAARYLAND,MARYLAND,BC
MAC ARTHUR,MACARTHUR,MWE
MACARTUR,MACARTHUR,NHC
MACOMBS,MACOMB,ANW
MADISON STS,MADISON,ANW
MADISSON,MADISON,BC
MADSON,MADISON,BC
MAEDE,MEADE,BXW
MALBORO,MARLBORO,MG
MALCOLM,MALCOLM X,BC
MALCOLMX,MALCOLM X,BC
MALCOM X,MALCOLM X,ANW
MANACHUSETTS,MASSACHUSETTS,PAT
MANCHESTER DR,MANCHESTER,BC
MANTANA,MONTANA,BXW
MAPLE VEIW,MAPLE VIEW,BXW
MAPLEVIEW,MAPLE VIEW,PAT
MARARTHUR,MACARTHUR,PAT
MARCARTHUR,MACARTHUR,PAT
MARIDIAN,MERIDIAN,BXW
MARIN LUTHER KING JR,MARTIN LUTHER KING JR,LWG
MARLYLAND,MARYLAND,PAT
MARRIETTA,MARIETTA,ANW
MARTIN L KING,MARTIN LUTHER KING JR,PAT
MARTIN L KING JR,MARTIN LUTHER KING JR,PAT
MARTIN LUTH KING,MARTIN LUTHER KING JR,BC
MARTIN LUTHER,MARTIN LUTHER KING JR,BC
MARTIN LUTHER KIN,MARTIN LUTHER KING JR,BC
MARTIN LUTHER KING,MARTIN LUTHER KING JR,RRR
MARTIN LUTHER KING AV S,MARTIN LUTHER KING JR,BC
MARTIN LUTHER KING AV SEU,MARTIN LUTHER KING JR,BC
MARTIN LUTHER KING AV SWU,MARTIN LUTHER KING JR,BC
MARTIN LUTHER KING AVE JR,MARTIN LUTHER KING JR,LWG
MARTIN LUTHER KING AVENUE,MARTIN LUTHER KING JR,BC
MARTIN LUTHER KING AVENUESW,MARTIN LUTHER KING JR,BC
MARTIN LUTHER KING BLVD,MARTIN LUTHER KING JR,PAT
MARTIN LUTHER KING JR AVE,MARTIN LUTHER KING JR,BC
MARTIN LUTHER KING JUNIOR,MARTIN LUTHER KING JR,BC
MARTIN LUTHER KING JUNIR,MARTIN LUTHER KING JR,BC
MARTIN LUTHER KINGJR,MARTIN LUTHER KING JR,NHC
MARTIN LUTHER KINGS JR,MARTIN LUTHER KING JR,PAT
MARTINLUTHERKING,MARTIN LUTHER KING JR,BC
MARTN LUTHER KING JR,MARTIN LUTHER KING JR,ANW
MARYLAND AVENE,MARYLAND,BC
MARYLAND AVENUENE,MARYLAND,ANW
MASACHUSETTS,MASSACHUSETTS,BC
MASS,MASSACHUSETTS,PAT
MASSACHSETTS,MASSACHUSETTS,ANW
MASSACHUCESETTS,MASSACHUSETTS,BXW
MASSACHUCETTS,MASSACHUSETTS,EHG
MASSACHUESETTES,MASSACHUSETTS,PAT
MASSACHUETTES,MASSACHUSETTS,LWG
MASSACHUSETS,MASSACHUSETTS,ANW
MASSACHUSETT,MASSACHUSETTS,BXW
MASSACHUSETTA,MASSACHUSETTS,PAT
MASSACHUSETTE,MASSACHUSETTS,BC
MASSACHUSETTES,MASSACHUSETTS,MWE
MASSACHUSETTS AV BOX,MASSACHUSETTS,PAT
MASSACHUSETTSAVE,MASSACHUSETTS,BC
MASSACHUSSETS,MASSACHUSETTS,PAT
MASSACHUSSETTS,MASSACHUSETTS,NHC
MASSACHUTES,MASSACHUSETTS,BC
MASSACHUTTES,MASSACHUSETTS,LWG
MASSACHUTTS,MASSACHUSETTS,BC
MASSAVE,MASSACHUSETTS,ANW
MASSCHUSETTS,MASSACHUSETTS,EHG
MASSESCHUSETTS,MASSACHUSETTS,ANW
MASSETCHUSETTS,MASSACHUSETTS,BC
MAYLAND,MARYLAND,BC
MC GILL,MCGILL,ANW
MC KENNA,MCKENNA,ANW
MC KINLEY,MCKINLEY,ANW
MCARTH,MACARTHUR,PAT
MCARTHUR,MACARTHUR,EHG
MCCOLLOUGHT,MCCOLLOUGH,BC
MCCOLLOUHG,MCCOLLOUGH,BC
MCCOUGH,MCCOLLOUGH,BC
MCCOULLOUGH,MCCOLLOUGH,BC
MCCULLIN,MCCOLLOUGH,BC
MCCULLOUGH,MCCOLLOUGH,LWG
MCKINKEY,MCKINLEY,ANW
MD,MARYLAND,BXW
MEAD,MEADE,BXW
MEGIS,MEIGS,RRR
MEIGS PLCE,MEIGS,BC
MELLOW,MELLON,ANW
MELON,MELLON,BC
MERDIAN,MERIDIAN,BXW
MEREDIAN,MERIDIAN,LWG
MERIDAN,MERIDIAN,EHG
MERIDIAM,MERIDIAN,BXW
MICHGAN,MICHIGAN,BXW
MILITAR,MILITARY,PAT
MILMERSON,MILMARSON,BXW
MIN,MINNESOTA,BC
MINESOTA,MINNESOTA,BC
MINN,MINNESOTA,PAT
MINNAVE,MINNESOTA,BC
MINNESOATA,MINNESOTA,ANW
MINNESOTA VE,MINNESOTA,BC
MINNESOTAS,MINNESOTA,MWE
MINNESOTTA,MINNESOTA,BC
MINNESSOTA,MINNESOTA,BC
MINNESTO,MINNESOTA,LWG
MINNISOTA,MINNESOTA,ANW
MINNSOTA,MINNESOTA,BC
MISS,MISSISSIPPI,MWE
MISSIISSIPPI,MISSISSIPPI,LWG
MISSIOURI,MISSOURI,BXW
MISSIPPI,MISSISSIPPI,ANW
MISSIPPIAVE,MISSISSIPPI,BC
MISSIRIPPI,MISSISSIPPI,ANW
MISSISIPPI,MISSISSIPPI,BC
MISSISSIPI,MISSISSIPPI,EHG
MISSISSIPP,MISSISSIPPI,ANW
MISSOR,MISSOURI,BC
MISSORU,MISSOURI,BC
MISSOUR,MISSOURI,BC
MISSSISIPPI,MISSISSIPPI,BC
ML K JRAVE,MARTIN LUTHER KING JR,BC
ML KING,MARTIN LUTHER KING JR,ANW
ML KING JE ES,MARTIN LUTHER KING JR,BC
ML KING JR,MARTIN LUTHER KING JR,BXW
MLJ AVE,MARTIN LUTHER KING JR,BC
MLK,MARTIN LUTHER KING JR,ANW
MLK BLVD,MARTIN LUTHER KING JR,BXW
MLK JR,MARTIN LUTHER KING JR,BXW
MLK KING,MARTIN LUTHER KING JR,BXW
MLKING,MARTIN LUTHER KING JR,ANW
MLKING AV JR,MARTIN LUTHER KING JR,BC
MLKING JR,MARTIN LUTHER KING JR,BC
MLKING JRAVE,MARTIN LUTHER KING JR,BC
MLKJRAVE,MARTIN LUTHER KING JR,BC
MONORE,MONROE,PAT
MONOTELLO,MONTELLO,ANW
MONR0E,MONROE,BC
MONROE TREET,MONROE,BC
MONTAGUES,MONTAGUE,BC
MONTANA AVENE,MONTANA,BC
MONTANNA,MONTANA,BC
MONTELLEO AVE,MONTELLO,BC
MONTELLO DR,MONTELLO,PAT
MONTELLONAVENUE,MONTELLO,BC
MONTELO,MONTELLO,LWG
MONTENO,MONTANA,PAT
MONTICELLO,MONTELLO,RRR
MONTONA,MONTANA,BC
MORRINSON,MORRISON,BC
MORRIS ROADSE,MORRIS,ANW
MORSE ST REET,MORSE,BC
MORTEN,MORTON,BC
MOTON CT BOLLING AFB,MOTON,ANW
MOUNT OLIVE,MOUNT OLIVET,RRR
MOUNT VIEW PLAACE,MOUNT VIEW,BC
MOUNT VIEW PLACESE,MOUNT VIEW,ANW
MOUNTVIEW,MOUNT VIEW,ANW
MRYTLE,MYRTLE,ANW
MST,M,BC
MT OLIVE,MOUNT OLIVET,BC
MT OLIVER,MOUNT OLIVET,BXW
MT OLIVERT,MOUNT OLIVET,ANW
MT OLIVET,MOUNT OLIVET,PAT
MT OLIVET RDT,MOUNT OLIVET,BC
MT PLEANSAT,MOUNT PLEASANT,BC
MT PLEASANT,MOUNT PLEASANT,ANW
MT PLEASANT AVE,MOUNT PLEASANT,BC
MT PLEASANTS,MOUNT PLEASANT,BC
MT PLESANT,MOUNT PLEASANT,BC
MT VEIW,MOUNT VIEW,BC
MT VIEW,MOUNT VIEW,PAT
MTOLIVET ROAD,MOUNT OLIVET,BXW
MTPLEASANT,MOUNT PLEASANT,BXW
MTPLEASANTST,MOUNT PLEASANT,BC
N C,NORTH CAROLINA,BC
N CAP,NORTH CAPITOL,BXW
N CAPITAL,NORTH CAPITOL,NHC
N CAPITOL,NORTH CAPITOL,ANW
N CAPT,NORTH CAPITOL,ANW
N CAPTIOL,NORTH CAPITOL,PAT
N CAROLINA,NORTH CAROLINA,NHC
N DAKOTA,NORTH DAKOTA,BXW
N GATE,NORTHGATE,PAT
N GLADE,NORTH GLADE,PAT
N H,NEW HAMPSHIRE,PAT
N H B,NANNIE HELEN BURROUGHS,BC
N H BURR,NANNIE HELEN BURROUGHS,BXW
N H BURROUGH,NANNIE HELEN BURROUGHS,ANW
N H BURROUGHS,NANNIE HELEN BURROUGHS,JF
N HAMPSHIRE,NEW HAMPSHIRE,ANW
N HAMPSHIRE AV NW,NEW HAMPSHIRE,BC
N HAMPSHSIRE,NEW HAMPSHIRE,BC
N HAMSPHIRE,NEW HAMPSHIRE,BC
N J,NEW JERSEY,BC
N J AVE,NEW JERSEY,BXW
N JERSEY,NEW JERSEY,ANW
N MEXICO,NEW MEXICO,PAT
N PORTAL,NORTH PORTAL,PAT
N ST AP,N,BC
N Y,NEW YORK,PAT
NALOR,NAYLOR,BC
NALYLOR,NAYLOR,RRR
NAN BUREN,VAN BUREN,BXW
NANIE HELEN BURRO,NANNIE HELEN BURROUGHS,BC
NANIE HELEN BURROUGH,NANNIE HELEN BURROUGHS,BC
NANIE HELEN BURROUGHS,NANNIE HELEN BURROUGHS,EHG
NANNIE BURROUGH,NANNIE HELEN BURROUGHS,RRR
NANNIE H BURR,NANNIE HELEN BURROUGHS,BC
NANNIE H BURR AVE,NANNIE HELEN BURROUGHS,BC
NANNIE H BURROUGHS,NANNIE HELEN BURROUGHS,BC
NANNIE HBURR,NANNIE HELEN BURROUGHS,BC
NANNIE HELEN BOR,NANNIE HELEN BURROUGHS,BC
NANNIE HELEN BORROUGHS,NANNIE HELEN BURROUGHS,LWG
NANNIE HELEN BOUGH,NANNIE HELEN BURROUGHS,BXW
NANNIE HELEN BOURGHS,NANNIE HELEN BURROUGHS,BC
NANNIE HELEN BRRS,NANNIE HELEN BURROUGHS,ANW
NANNIE HELEN BUR,NANNIE HELEN BURROUGHS,BC
NANNIE HELEN BURR,NANNIE HELEN BURROUGHS,PAT
NANNIE HELEN BURROGHS,NANNIE HELEN BURROUGHS,LWG
NANNIE HELEN BURROUG,NANNIE HELEN BURROUGHS,MAG
NANNIE HELEN BURROUGH,NANNIE HELEN BURROUGHS,BC
NANNIE HELEN BURRS,NANNIE HELEN BURROUGHS,ANW
NANNIE HELEN BURS,NANNIE HELEN BURROUGHS,PAT
NAPITOL,NORTH CAPITOL,BXW
NAYLON,NAYLOR,PAT
NAYLOR RD SER,NAYLOR,BC
NAYLOR RD SR,NAYLOR,BC
NAYLOR ROD,NAYLOR,ANW
NAYLORD,NAYLOR,RRR
NC,NORTH CAROLINA,BC
NCAPITAL,NORTH CAPITOL,BC
NCAPITOL,NORTH CAPITOL,BXW
NDAKOTA,NORTH DAKOTA,BXW
NE W YORK,NEW YORK,PAT
NECOMB,NEWCOMB,BXW
NEW COMB,NEWCOMB,BXW
NEW HAM,NEW HAMPSHIRE,ANW
NEW HAMP,NEW HAMPSHIRE,BXW
NEW HAMPAVE,NEW HAMPSHIRE,BC
NEW HAMPHIRE,NEW HAMPSHIRE,BXW
NEW HAMPSHINE,NEW HAMPSHIRE,ANW
NEW HAMPSHRIE,NEW HAMPSHIRE,RRR
NEW HAMSHIRE,NEW HAMPSHIRE,BXW
NEW HAMSPHIRE,NEW HAMPSHIRE,EHG
NEW HAPSHIRE,NEW HAMPSHIRE,BC
NEW HAWPSHIRE,NEW HAMPSHIRE,BC
NEW HEMPSHIRE,NEW HAMPSHIRE,EHG
NEW HMP,NEW HAMPSHIRE,BXW
NEW JERESEY,NEW JERSEY,RRR
NEW JERESY,NEW JERSEY,LWG
NEW JERSET,NEW JERSEY,MG
NEW JERSY,NEW JERSEY,ANW
NEWCOLMB,NEWCOMB,LWG
NEWHAMPSHIRE,NEW HAMPSHIRE,BC
NEWHAMPSHIREAVE,NEW HAMPSHIRE,BC
NEWJERSEY,NEW JERSEY,BXW
NEWTEN,NEWTON,BXW
NEWTON STRREET,NEWTON,BC
NH,NEW HAMPSHIRE,EHG
NH BURR,NANNIE HELEN BURROUGHS,BXW
NH BURROUGH,NANNIE HELEN BURROUGHS,ANW
NH BURROUGHS,NANNIE HELEN BURROUGHS,BXW
NH BURRS,NANNIE HELEN BURROUGHS,BC
NHAMPSHIRE,NEW HAMPSHIRE,BC
NHB,NANNIE HELEN BURROUGHS,BC
NHBURR,NANNIE HELEN BURROUGHS,ANW
NHBURRAVE,NANNIE HELEN BURROUGHS,ANW
NHBURROUGH,NANNIE HELEN BURROUGHS,ANW
NHBURROUGHS,NANNIE HELEN BURROUGHS,BC
NHBURROUHGS,NANNIE HELEN BURROUGHS,BC
NICHLSON,NICHOLSON,BC
NICHOISON,NICHOLSON,BC
NICHOLSON STS,NICHOLSON,BC
NICHOLSONST,NICHOLSON,ANW
NINETEENTH,19TH,NHC
NINTH,9TH,EHG
NJ,NEW JERSEY,BXW
NJAVE,NEW JERSEY,BC
NM,NEW MEXICO,ANW
NO CAP,NORTH CAPITOL,ANW
NO CAPITAL,NORTH CAPITOL,BXW
NO CAPITOL,NORTH CAPITOL,BC
NOETH CAPITOL,NORTH CAPITOL,BC
NOR CAPITOL,NORTH CAPITOL,PAT
NORH CAPITAL,NORTH CAPITOL,BXW
NORTH C IOL,NORTH CAPITOL,BC
NORTH CAP,NORTH CAPITOL,BC
NORTH CAPIITOL,NORTH CAPITOL,PAT
NORTH CAPITAL,NORTH CAPITOL,ANW
NORTH CAPITON,NORTH CAPITOL,BC
NORTH CAPST,NORTH CAPITOL,BC
NORTH CAPT,NORTH CAPITOL,ANW
NORTH CAPTIAL,NORTH CAPITOL,PAT
NORTH CAPTIOL,NORTH CAPITOL,ANW
NORTH CAPTITOL,NORTH CAPITOL,ANW
NORTH CAPTOL,NORTH CAPITOL,BC
NORTH CAROLINIA A,NORTH CAROLINA,BC
NW 12TH,12TH,BC
NY,NEW YORK,PAT
O STRRET,O,BC
OAK ST NWCT,OAK,ANW
OAK WOOD,OAKWOOD,BC
OAKLAHOMA,OKLAHOMA,BXW
OAKWOOK,OAKWOOD,BC
OATS,OATES,BXW
ODEN,OGDEN,ANW
OGDENS,OGDEN,LWG
OGDENT,OGDEN,BC
OGELTHORP,OGLETHORPE,BC
OGELTHORPE,OGLETHORPE,ANW
OGELTHROPE,OGLETHORPE,BXW
OGLENTHROPE,OGLETHORPE,BC
OGLETHARPE,OGLETHORPE,BC
OGLETHOPRE,OGLETHORPE,BC
OGLETHORP,OGLETHORPE,ANW
OGLETHORPEST,OGLETHORPE,BC
OGLETHROPE,OGLETHORPE,BC
OGLETTHORPE,OGLETHORPE,BC
OGLOTHORPE,OGLETHORPE,BXW
OGLTHORPE,OGLETHORPE,BXW
OLETHORPE,OGLETHORPE,BC
OLGELTHORPE,OGLETHORPE,BC
OLGETHORPE,OGLETHORPE,LWG
OLGETHROPE,OGLETHORPE,BC
OLGLETHORPE,OGLETHORPE,BC
OLLINOIS,ILLINOIS,BC
ONEDIA,ONEIDA,MG
ONEID,ONEIDA,BXW
ONEINA,ONEIDA,BC
ONTAIO,ONTARIO,BC
ONTANIO,ONTARIO,BC
ONTATRIO,ONTARIO,BC
ORGANE,ORANGE,ANW
ORLEAN,ORLEANS,LWG
ORQANGE,ORANGE,JF
OWENS,OWEN,ANW
OWNES,OWEN,ANW
P ST SR,P,BC
PA,PENNSYLVANIA,PAT
PA AVEN,PENNSYLVANIA,BC
PALISADES,PALISADE,MWE
PAPERMILL,PAPER MILL,BC
PARKROAD,PARK,BC
PARKSIDR,PARKSIDE,BC
PATRICIA ROBERTS HARRIS P,PATRICIA ROBERTS HARRIS,PAT
PEABOBYST,PEABODY,ANW
PEADBODY,PEABODY,BC
PEAODY,PEABODY,BC
PEMEROY,POMEROY,BXW
PENNSYLANIA,PENNSYLVANIA,PAT
PENNSYLVANIAA,PENNSYLVANIA,PAT
PENNSYLVANIE,PENNSYLVANIA,ANW
PENNSYLVANNIA,PENNSYLVANIA,BC
PENNYSLVANIA,PENNSYLVANIA,NHC
PENSYLVANIA,PENNSYLVANIA,BC
PERRY ST AP,PERRY,BC
PINEY BR,PINEY BRANCH,BC
PINEY BRACH,PINEY BRANCH,BC
PINEY BRROAD,PINEY BRANCH,BC
PINEYBRANCH,PINEY BRANCH,BC
PINVIEW,PINEVIEW,BC
PK,PARK,PAT
PK RD AP,PARK,BC
PK RD NNW,PARK,ANW
PLEASSANT,PLEASANT,ANW
POMERAY,POMEROY,BC
POMERORY,POMEROY,ANW
POMEROY DR,POMEROY,BC
POMEROY RS,POMEROY,ANW
POMERY,POMEROY,ANW
POMOROY,POMEROY,BXW
POMROY,POMEROY,BC
POND,PONDS,ANW
PONDS ST REET,PONDS,BC
POTAMAC,POTOMAC,BC
PRINCTON,PRINCETON,BC
PROMEROY,POMEROY,BXW
PROVINDICE,PROVIDENCE,BC
PST,P,ANW
Q ST,Q,BC
QUACKENBAS,QUACKENBOS,BC
QUACKENBROS,QUACKENBOS,ANW
QUACKERSBES,QUACKENBOS,BC
QUACKNBROS,QUACKENBOS,ANW
QUALES,QUARLES,ANW
QUALRES,QUARLES,LWG
QUANLES,QUARLES,BXW
QUARELS,QUARLES,BC
QUARLES S,QUARLES,BC
QUARRLES,QUARLES,LWG
QUBEC,QUEBEC,BXW
QUCHAPEL,QUEENS CHAPEL,BC
QUE,Q,ANW
QUEEN CHAPEL,QUEENS CHAPEL,BC
QUEEN STRODE,QUEENS STROLL,BC
QUEENS,QUEEN,ANW
QUEENS CHAPLE,QUEENS CHAPEL,LWG
QUINCEY,QUINCY,BXW
QUINTONA,QUINTANA,ANW
QUNICY,QUINCY,ANW
R I,RHODE ISLAND,PAT
R OBINSON,ROBINSON,BC
RALIEGH,RALEIGH,ANW
RANDALL,RANDLE,BXW
RANDOLF,RANDOLPH,BC
RANDOLOPH,RANDOLPH,ANW
RANDOLPHST,RANDOLPH,BXW
RANDOPH,RANDOLPH,BC
RATNOLDS,RAYNOLDS,BXW
RAYNOLD,RAYNOLDS,RRR
RCK CRK CHURROAD,ROCK CREEK CHURCH,ANW
RD ISLAND,RHODE ISLAND,ANW
REAR 18TH,18TH,NHC
RED BUD,REDBUD,PAT
REIGHLEY,RALEIGH,BC
RESERVIOR,RESERVOIR,MWE
RESEVOIR,RESERVOIR,EHG
REYNOLD,RAYNOLDS,ANW
REYNOLDS,RAYNOLDS,ANW
RHIODE ISLAND,RHODE ISLAND,BC
RHOAD ISLAND,RHODE ISLAND,BC
RHODE,RHODE ISLAND,BC
RHODE I,RHODE ISLAND,BC
RHODE IS,RHODE ISLAND,MWE
RHODE ISAND,RHODE ISLAND,BC
RHODE ISL,RHODE ISLAND,BC
RHODE ISLAN,RHODE ISLAND,BXW
RHODE ISLANE,RHODE ISLAND,ANW
RHODE ISLD,RHODE ISLAND,PAT
RHODEISLAND,RHODE ISLAND,BC
RHOHE ISLAND,RHODE ISLAND,BC
RHOLDE ISLAND,RHODE ISLAND,BXW
RI,RHODE ISLAND,ANW
RIDECREST,RIDGECREST,ANW
RIDGCRST,RIDGECREST,BC
RIDGE CREST,RIDGECREST,BC
RIDGE PT,RIDGE,BC
RIDGECRECT,RIDGECREST,ANW
RIDGECRES,RIDGECREST,ANW
RIDGECREST TOURT,RIDGECREST,BC
RIDGECRUST,RIDGECREST,ANW
RIDGECT,RIDGECREST,BC
RIDGERCREST,RIDGECREST,BC
RIDGES,RIDGE,BC
RIDGESCREST,RIDGECREST,BC
RIDGESREST,RIDGECREST,ANW
RIDGRECREST,RIDGECREST,BC
RIGE,RIDGE,BXW
RIGG,RIGGS,BC
RITENHOUSE,RITTENHOUSE,EHG
RITTEHOUSE,RITTENHOUSE,BC
RITTEN HOUSE,RITTENHOUSE,BC
RITTERHOUSE,RITTENHOUSE,BC
RITTNHOUSE,RITTENHOUSE,PAT
RKCRK FORD,ROCK CREEK FORD,BC
RLVANS,ELVANS,BC
ROBERSON,ROBINSON,ANW
ROBINISON,ROBINSON,ANW
ROBINON,ROBINSON,ANW
ROBINSO,ROBINSON,BC
ROBINSON PLKL,ROBINSON,BC
ROBINSONPL,ROBINSON,ANW
ROBINSPN,ROBINSON,BC
ROBINSSON,ROBINSON,ANW
ROBINSTON,ROBINSON,PAT
ROBONSON,ROBINSON,ANW
ROBSINSON,ROBINSON,BC
ROCK CHEEK CH,ROCK CREEK CHURCH,BC
ROCK CHURCH,ROCK CREEK CHURCH,BC
ROCK CIR CHURCH R,ROCK CREEK CHURCH,BC
ROCK CIR FORD,ROCK CREEK FORD,BC
ROCK CK CH,ROCK CREEK CHURCH,BXW
ROCK CK CHURCH,ROCK CREEK CHURCH,BXW
ROCK CREEK CH,ROCK CREEK CHURCH,BC
ROCK CREEK CHRUCH,ROCK CREEK CHURCH,BXW
ROCK CREEK CHUNCH,ROCK CREEK CHURCH,BC
ROCK CREEK CHURCH RD NEUN,ROCK CREEK CHURCH,BC
ROCK CREEK CHURCH RD NWUN,ROCK CREEK CHURCH,BC
ROCK CREEK CHURCH RD NWUN),ROCK CREEK CHURCH,BC
ROCK CREEK CHURCH ROADNE,ROCK CREEK CHURCH,BC
ROCK CREEK FD,ROCK CREEK FORD,BXW
ROCK CREEK FORD D,ROCK CREEK CHURCH,BC
ROCK CREEK FORD L,ROCK CREEK FORD,BC
ROCK CREEK FORD RD T,ROCK CREEK FORD,BC
ROCK CREEK FRD DR,ROCK CREEK FORD,BC
ROCK CRK CHURCH R,ROCK CREEK CHURCH,BC
ROCK CRK FRROAD,ROCK CREEK FORD,BC
ROCKCREEK,ROCK CREEK,BC
ROCKCREEK CH,ROCK CREEK CHURCH,BC
ROCKCREEK CHROAD,ROCK CREEK CHURCH,BC
ROCKCREEK CHURCH,ROCK CREEK CHURCH,BC
ROCKCREEK FD,ROCK CREEK FORD,ANW
ROCKCREEK FORD,ROCK CREEK CHURCH,BC
ROCKCREEKFORD,ROCK CREEK FORD,BC
ROCKCRFORD,ROCK CREEK FORD,BC
ROCKCRKFORDRD,ROCK CREEK FORD,BC
ROCKCRKFORDROADNW,ROCK CREEK FORD,BC
ROCKSBORO,ROXBORO,ANW
RODINSON,ROBINSON,ANW
ROHDE ISLAND,RHODE ISLAND,BC
ROSDALE,ROSEDALE,ANW
ROSE DALE,ROSEDALE,ANW
ROSEDALE DR,ROSEDALE,EHG
ROSEDALE STRRT,ROSEDALE,BC
ROSEDDALE,ROSEDALE,ANW
ROSEMONT,ROSEMOUNT,NHC
ROSERDALE,ROSEDALE,BC
ROXBOURO,ROXBORO,LWG
RRIDGE,RIDGE,BC
RUNNYMEADE,RUNNYMEDE,PAT
S CAP,SOUTH CAPITOL,ANW
S CAPITAL,SOUTH CAPITOL,JF
S CAPITOL,SOUTH CAPITOL,RRR
S CAROLINA,SOUTH CAROLINA,NHC
S DAKOTA,SOUTH DAKOTA,BXW
SAINT MATHEWS,ST MATTHEWS,PAT
SAINT MATTHEWS,ST MATTHEWS,PAT
SANDY SPRINGS,SANDY SPRING,PAT
SANTON,STANTON,BC
SANVANHA,SAVANNAH,BXW
SARAGOTA,SARATOGA,LWG
SARAT0GA,SARATOGA,LWG
SARATEGA,SARATOGA,ANW
SARATOGO,SARATOGA,BXW
SARGEANT,SARGENT,BC
SARGEN,SARGENT,BC
SARGENT RAOD,SARGENT,ANW
SAROTOGA,SARATOGA,BC
SATON,SEATON,BXW
SAV,SAVANNAH,ANW
SAVAANAH,SAVANNAH,BC
SAVAHANNAH,SAVANNAH,BXW
SAVAHHAN,SAVANNAH,LWG
SAVAHNAH,SAVANNAH,BC
SAVANA,SAVANNAH,MG
SAVANAAH,SAVANNAH,ANW
SAVANAH,SAVANNAH,ANW
SAVANHA,SAVANNAH,BXW
SAVANNA,SAVANNAH,BC
SAVANNAN,SAVANNAH,BC
SAVANNH,SAVANNAH,BXW
SAVANNHA,SAVANNAH,BC
SAVANNNAH,SAVANNAH,ANW
SAVVANAH,SAVANNAH,BC
SAVVANNAH,SAVANNAH,BXW
SC,SOUTH CAROLINA,BC
SC TT,SCOTT,PAT
SCAIPTOL,SOUTH CAPITOL,BC
SCAPITAL,SOUTH CAPITOL,ANW
SCAPITOL,SOUTH CAPITOL,BC
SCOT,SCOTT,PAT
SDAKOTA,SOUTH DAKOTA,BXW
SEARGENT,SARGENT,BC
SEDAR,CEDAR,BXW
SEDGEWICK,SEDGWICK,PAT
SEDWICK,SEDGWICK,ANW
SERGENT,SARGENT,BC
SEVENTEENTH,17TH,NHC
SEVENTH,7TH,NHC
SHEFIFF,SHERIFF,BXW
SHEMAN,SHERMAN,BXW
SHEPARD,SHEPHERD,BXW
SHEPERD,SHEPHERD,BXW
SHEPHARD,SHEPHERD,BXW
SHERDIAN,SHERIDAN,BC
SHERHARD,SHEPHERD,BXW
SHERIDAIN,SHERIDAN,ANW
SHERIDEN,SHERIDAN,BXW
SHERIDIAN,SHERIDAN,EHG
SHERMAN AVEL,SHERMAN,EHG
SHERPHERD,SHEPHERD,BXW
SHERRIER,SHERIER,MWE
SHERRIF,SHERIFF,BC
SHERRIFF,SHERIFF,BXW
SHIPLEYTERR,SHIPLEY,ANW
SHIRLEY,SHIPLEY,BXW
SHPHERD,SHEPHERD,BC
SIMMIS,SIMMS,LWG
SIXTEENTH,16TH,NHC
SIXTEENTH ST AP,16TH,BC
SIXTH,6TH,ANW
SKYLINE,SKYLAND,BC
SLIGO MILLS,SLIGO MILL,ANW
SMITH PL 36B,SMITH,BC
SND,2ND,BC
SO CAP,SOUTH CAPITOL,BC
SO CAPITAL,SOUTH CAPITOL,BC
SO CAPITOL,SOUTH CAPITOL,LWG
SO CAPT,SOUTH CAPITOL,BC
SO CAPTST,SOUTH CAPITOL,ANW
SOMERS,SOMERSET,EHG
SOMMERSET,SOMERSET,ANW
SOSUTH DAKOTA,SOUTH DAKOTA,MG
SOTHERN,SOUTHERN,BC
SOUCAP,SOUTH CAPITOL,BXW
SOUGHERN,SOUTHERN,BC
SOUHERN,SOUTHERN,LWG
SOUNTHERN,SOUTHERN,BC
SOURTHERN,SOUTHERN,ANW
SOUTERN,SOUTHERN,BC
SOUTH CAITOL,SOUTH CAPITOL,BC
SOUTH CAP,SOUTH CAPITOL,BC
SOUTH CAPITAL,SOUTH CAPITOL,JF
SOUTH CAPITOA,SOUTH CAPITOL,BXW
SOUTH CAPST,SOUTH CAPITOL,ANW
SOUTH CAPT,SOUTH CAPITOL,BC
SOUTH CAPTIOL,SOUTH CAPITOL,PAT
SOUTH CAPTST,SOUTH CAPITOL,BC
SOUTH DAK,SOUTH DAKOTA,BC
SOUTH DAKAVE,SOUTH DAKOTA,BC
SOUTH HALL,SOUTHALL,ANW
SOUTHBALL,SOUTHALL,BC
SOUTHEERN,SOUTHERN,BXW
SOUTHEN,SOUTHERN,BXW
SOUTHER,SOUTHERN,BC
SOUTHERN ACE,SOUTHERN,BXW
SOUTHERN AVENUESE,SOUTHERN,ANW
SOUTHERN AVR,SOUTHERN,BC
SOUTHERRN,SOUTHERN,MG
SOUTHHALL,SOUTHALL,BC
SOUTHN CAP,SOUTH CAPITOL,BXW
SOUTHREN,SOUTHERN,BC
SOUTNERN,SOUTHERN,BC
SPRINGRD,SPRING,BC
SRATOGA,SARATOGA,ANW
SRPING,SPRING,BC
SST,S,BC
ST MARYS,SAINT MARYS,PAT
ST MATTHEW S,ST MATTHEWS,PAT
STANON,STANTON,BC
STANTON RAOD,STANTON,BC
STANTON RO,STANTON,BC
STANTON ROADD,STANTON,ANW
STANTON ROADSE,STANTON,ANW
STAPLE,STAPLES,RRR
STATION,STANTON,BXW
STATNON,STANTON,BC
STATON,STANTON,ANW
STEPHENSEN,STEPHENSON,BC
STEPHESON,STEPHENSON,BC
STERVENS,STEVENS,BXW
STEVEN,STEVENS,PAT
STEVNS,STEVENS,BC
STSNTON,STANTON,ANW
STUITLANDTER,SUITLAND,BC
STYVESANT,STUYVESANT,ANW
SUMMER,SUMNER,BXW
SUMMERSET,SOMERSET,BXW
SURCUM CORDA,SURSUM CORDA,BC
SURSUM CURDA,SURSUM CORDA,PAT
SUTER,SUTERS,PAT
SWAIN,SWANN,BC
SWAN,SWANN,BXW
TABIAS,TOBIAS,ANW
TASSIUG,TAUSSIG,ANW
TAUSSING,TAUSSIG,LWG
TAYLER,TAYLOR,ANW
TAYLORS,TAYLOR,BC
TEAXAS,TEXAS,ANW
TENN,TENNESSEE,BXW
TENNESSE,TENNESSEE,BC
TENNESSESS,TENNESSEE,LWG
TENTH,10TH,NHC
TERNTON,TRENTON,ANW
TEWEKESBURY,TEWKESBURY,BC
TEWESBURY,TEWKESBURY,PAT
TEWKESBERY,TEWKESBURY,BC
TEWKESBURG,TEWKESBURY,ANW
TEWKESBURRY,TEWKESBURY,BC
TEWKSBURY,TEWKESBURY,BXW
TEWSKESBURY,TEWKESBURY,BC
TEX,TEXAS,BC
THIESEN,THEISEN,BC
THIRTEENTH,13TH,NHC
TILDENT,TILDEN,BC
TINIDAD,TRINIDAD,BC
TOBIES,TOBIAS,ANW
TOBIS,TOBIAS,EHG
TOBMAN,TUBMAN,BC
TR,TERRACE,PAT
TRANTON,TRENTON,JF
TRENTION,TRENTON,BXW
TRENTONT,TRENTON,BC
TRENTTON,TRENTON,ANW
TRETON,TRENTON,ANW
TRINADAD,TRINIDAD,BXW
TRINDAD,TRINIDAD,BXW
TRINIDA,TRINIDAD,BC
TRININDAD,TRINIDAD,BXW
TRNETON,TRENTON,BC
TRNIDAD,TRINIDAD,BC
TRUMONT,TREMONT,BC
TST,T,BXW
TUCKERMANN,TUCKERMAN,BC
TUKERMAN,TUCKERMAN,BC
TUNLW,TUNLAW,PAT
TUNMAN,TUBMAN,PAT
TWELVETH,12TH,MAG
TWENTY 2ND,22ND,MAG
TWENTYSECOND,22ND,ANW
ULAND,UHLAND,ANW
UNDEWOOD,UNDERWOOD,BC
UNLAND,UHLAND,EHG
UOTON,UPTON,ANW
UPHUR,UPSHUR,BC
UPSACLE,UPSAL,BC
UPSHER,UPSHUR,BC
UPSHURE,UPSHUR,BXW
UST,U,ANW
UTAH ANE,UTAH,ANW
VA,VIRGINIA,PAT
VALEY,VALLEY,BC
VALLEY GREEN,VALLEY,PAT
VALLEY PL ASE,VALLEY,BC
VAN NES EAST,VAN NESS,PAT
VANBUREN,VAN BUREN,BXW
VANDENBURG,VANDENBERG,BC
VANESS,VAN NESS,BC
VANHOE,IVANHOE,BC
VANN NESS,VAN NESS,ANW
VANNESS,VAN NESS,BC
VARNDY,VARNEY,BC
VARNUN,VARNUM,BC
VARUM,VARNUM,ANW
VEE,V,PAT
VERBANA,VERBENA,BC
VERNEY,VARNEY,PAT
VERNOON,VERNON,BC
VERPLANK,VERPLANCK,PAT
VQLLEY,VALLEY,BC
VST,V,BC
VT,VERMONT,PAT
W BEACH,WEST BEACH,BC
W LA,WEST LANE,PAT
W VA,WEST VIRGINIA,BXW
W VIRGINA,WEST VIRGINIA,BXW
W VIRGINIA,WEST VIRGINIA,BXW
WA CLARK,WACLARK,BC
WAGNER S,WAGNER,BC
WAHLER L,WAHLER,MWE
WALBRIGE,WALBRIDGE,BC
WALER,WAHLER,BC
WALLER,WALTER,BC
WALTER HOUPE,WALTER HOUP,PAT
WANGER,WAGNER,ANW
WARNDER,WARDER,BC
WASH,WASHINGTON,BXW
WAVER,WEAVER,BC
WEBSER,WEBSTER,ANW
WEST LA,WEST LANE,PAT
WEST VA,WEST VIRGINIA,BXW
WEST VIRGINA,WEST VIRGINIA,PAT
WEST VIRIGINA,WEST VIRGINIA,ANW
WEST VIRIGINIA,WEST VIRGINIA,ANW
WESTMINISTER,WESTMINSTER,PAT
WESWETOVER,WESTOVER,BC
WHALER,WAHLER,BXW
WHALER PLSCE,WAHLER,BC
WHEELER HILLS,WHEELER HILL,LWG
WHELER,WHEELER,ANW
WHELLER,WHEELER,JF
WHIITTIER,WHITTIER,ANW
WHITTER,WHITTIER,BXW
WILLINGTON,WILMINGTON,BXW
WILMIGTON,WILMINGTON,BXW
WINDOW,WINDOM,ANW
WINSCONSIN,WISCONSIN,MG
WINSOM,WINDOM,PAT
WISC,WISCONSIN,PAT
WISCONSON,WISCONSIN,NHC
WRIGHTCICLE,WRIGHT,BC
WVIRGINIA,WEST VIRGINIA,BC
XEINA,XENIA,BC
XENIA PLACESE,XENIA,ANW
YONT,YOUNT,BC
YUMIA,YUMA,BC
YUMMA,YUMA,BC
ZENIA,XENIA,BC
,,
,,
,,
,,
,,
,,
,,
,,
,,
,,
,,
,,
,,
,,
,,
,,
,,
,,
,,
,,
,,
,,
,,
,,
,,
,,
,,
,,
,,
,,
,,
,,
,,
,,
,,
,,
,,
,,
,,
,,
,,
,,
,,
,,
,,
,,
,,
,,
,,
,,
,,
,,
,,
,,
,,
,,
,,
,,
,,
,,
,,
,,
,,
,,
,,
,,
,,
,,
,,
,,
,,
,,
,,
,,
,,
,,
,,
,,
,,
,,
,,
,,
,,
,,
,,
,,
,,
,,
,,
,,
,,
,,
,,
,,
,,
,,
,,
,,
,,
,,
,,
,,
,,
,,
,,
,,
,,
,,
,,
,,
,,
,,
,,
,,
,,
,,
,,
,,
,,
,,
,,
,,
,,
,,
,,
,,
,,
,,
,,
,,
,,
,,
,,
,,
,,
,,
,,
,,
,,
,,
,,
,,
,,
,,
,,
,,
,,
,,
,,
,,
,,
,,
,,
,,
,,
,,
,,
,,
,,
,,
,,
,,
,,
,,
,,
,,
,,
,,
,,
,,
,,
,,
,,
,,
,,
,,
,,
,,
,,
,,
,,
,,
,,
,,
,,
,,
,,
,,
,,
,,
,,
,,
,,
,,
,,
,,
,,
,,
,,
,,
,,
,,
,,
,,
,,
,,
,,
,,
,,
,,
,,
,,
,,
,,
,,
,,
,,
,,
,,
,,
,,
,,
,,
,,
,,
,,
,,
,,
,,
,,
,,
,,
,,
,,
,,
,,
,,
,,
,,
,,
,,
,,
,,
,,
,,
,,
,,
,,
,,
,,
,,
,,
,,
,,
,,
,,
,,
,,
,,
,,
,,
,,
,,
,,
,,
,,
,,
,,
,,
,,
,,
,,
,,
,,
,,
,,
,,
,,
,,
,,
,,
,,
,,
,,
,,
,,
,,
,,
,,
,,
,,
,,
,,
,,
,,
,,
,,
,,
,,
,,
,,
,,
,,
,,
,,
,,
,,
,,
,,
,,
,,
,,
,,
,,
,,
,,
,,
,,
,,
,,
,,
,,
,,
,,
,,
,,
,,
,,
,,
,,
,,
,,
,,
,,
,,
,,
,,
,,
,,
,,
,,
,,
,,
,,
,,
,,
,,
,,
,,
,,
,,
,,
,,
,,
,,
,,
,,
,,
,,
,,
,,
,,
,,
,,
,,
,,
,,
,,
,,
,,
,,
,,
,,
,,
,,
,,
,,
,,
,,
,,
,,
,,
,,
,,
,,
,,
,,
,,
,,
,,
,,
,,
,,
,,
,,
,,
,,
,,
,,
,,
,,
,,
,,
,,
,,
,,
,,
,,
,,
,,
,,
,,
,,
,,
,,
,,
,,
,,
,,
,,
,,
,,
,,
,,
,,
,,
,,
,,
,,
,,
,,
,,
,,
,,
,,
,,
,,
,,
,,
,,
,,
,,
,,
,,
,,
,,
,,
,,
,,
,,
,,
,,
,,
,,
,,
,,
,,
,,
,,
,,
,,
,,
,,
,,
,,
,,
,,
,,
,,
,,
,,
,,
,,
,,
,,
,,
,,
,,
,,
,,
,,
,,
,,
,,
,,
,,
,,
,,
,,
,,
,,
,,
,,
,,
,,
,,
,,
,,
,,
,,
,,
,,
,,
,,
,,
,,
,,
,,
,,
,,
,,
,,
,,
,,
,,
,,
,,
,,
,,
,,
,,
,,
,,
,,
,,
,,
,,
,,
,,
,,
,,
,,
,,
,,
,,
,,
,,
,,
,,
,,
,,
,,
,,
,,
,,
,,
,,
,,
,,
,,
,,
,,
,,
,,
,,
,,
,,
,,
,,
,,
,,
,,
,,
,,
,,
,,
,,
,,
,,
,,
,,
,,
,,
,,
,,
,,
,,
,,
,,
,,
,,
,,
,,
,,
,,
,,
,,
,,
,,
,,
,,
,,
,,
,,
,,
,,
,,
,,
,,
,,
,,
,,
,,
,,
,,
,,
,,
,,
,,
,,
,,
,,
,,
,,
,,
,,
,,
,,
,,
,,
,,
,,
,,
,,
,,
,,
,,
,,
,,
,,
,,
,,
,,
,,
,,
,,
,,
,,
,,
,,
,,
,,
,,
,,
,,
,,
,,
,,
,,
,,
,,
,,
,,
,,
,,
,,
,,
,,
,,
,,
,,
,,
,,
,,
,,
,,
,,
,,
,,
,,
,,
,,
,,
,,
,,
,,
,,
,,
,,
,,
,,
,,
,,
,,
,,
,,
,,
,,
,,
,,
,,
,,
,,
,,
,,
,,
,,
,,
,,
,,
,,
,,
,,
,,
,,
,,
,,
,,
,,
,,
,,
,,
,,
,,
,,
,,
,,
,,
,,
,,
,,
,,
,,
,,
,,
,,
,,
,,
,,
,,
,,
,,
,,
,,
,,
,,
,,
,,
,,
,,
,,
,,
,,
,,
,,
,,
,,
,,
,,
,,
,,
,,
,,
,,
,,
,,
,,
,,
,,
,,
,,
,,
,,
,,
,,
,,
,,
,,
,,
,,
,,
,,
,,
,,
,,
,,
,,
,,
,,
,,
,,
,,
,,
,,
,,
,,
,,
,,
,,
,,
,,
,,
,,
,,
,,
,,
,,
,,
,,
,,
,,
,,
,,
,,
,,
,,
,,
,,
,,
,,
,,
,,
,,
,,
,,
,,
,,
,,
,,
,,
,,
,,
,,
,,
,,
,,
,,
,,
,,
,,
,,
,,
,,
,,
,,
,,
,,
,,
,,
,,
,,
