"Incorrect spelling","Correct spelling"
1,1ST
1/2,HALF
1/5 5TH,5TH
10,10TH
10 TH,10TH
10ST,10TH
11,11TH
11 TH,11TH
11ST,11TH
11THH,11TH
11THST,11TH
12,12TH
12 TH,12TH
12ST,12TH
12TGH,12TH
12THST,12TH
13,13TH
13 TH,13TH
13HT,13TH
13RD,13TH
13TGH,13TH
13TH PI,13TH
13THPL,13TH
13THST,13TH
13TTHPL,13TH
14,14TH
14 TH,14TH
14ST,14TH
14T,14TH
14THPL,14TH
14THST,14TH
14TTH,14TH
14TYH,14TH
15,15TH
15 TH,15TH
15ST,15TH
15T,15TH
15THST,15TH
16,16TH
16 TH,16TH
16FH,16TH
16H,16TH
16ST,16TH
16STST,16TH
16T,17TH
16THST,16TH
17,17TH
17ST,17TH
17THST,17TH
17YH,17TH
18,18TH
18 TH,18TH
18T,18TH
18THST,18TH
18TTH,18TH
19,19TH
19ST,19TH
1HALF,HALF
1NDEPENDNCE,INDEPENDENCE
1ST STERLING,FIRTH STERLING
1STST,1ST
1TH,1ST
2,2ND
20,20TH
20 TH,20TH
20THM,20TH
21,21ST
21RST,21ST
21ST ST N,21ST
21TH,21ST
22,22ND
22 ND,22ND
22END,22ND
22NS,22ND
23,23RD
23ND,23RD
23TH,23RD
24,24TH
24ND,24TH
25,25TH
25TH ST SE,25TH
28,28TH
29,29TH
2NS,2ND
2ST,2ND
3,3RD
3 RD,3RD
3 TH,3RD
30,30TH
30 TH,30TH
31,31ST
31TH,31ST
32,32ND
32RD,32ND
32ST,32ND
32TH,32ND
33ND,33RD
34 TH,34TH
35,35TH
36,36TH
36T,36TH
37,37TH
37 TH,37TH
37H,37TH
37ST,37TH
37THTH,37TH
3OTH,30TH
3R,3RD
3RDE,3RD
3RDST,3RD
3TH,3RD
4,4TH
4 TH,4TH
4 THST,4TH
41,41ST
41T,T
41TH,41ST
42,42ND
42 ND,42ND
42RD,42ND
42ST,42ND
43,43RD
43TH,43RD
44,44TH
44 TH,44TH
44THST,44TH
45,45TH
45TRH,45TH
46,46TH
46 TH,46TH
46ST,46TH
47 TH,47TH
47ST,47TH
48,48TH
48H,48TH
48TH PINE,48TH
49,49TH
4H,4TH
4THST,4TH
5,5TH
5 48TH,48TH
5 4TH,4TH
5 TH,5TH
50,50TH
50 TH,50TH
50H,50TH
50ST,50TH
51,51ST
51 ST,51ST
51 TH,51ST
5100C,C
51TH,51ST
52,52ND
52DN,52ND
52TH,52ND
53,53RD
54,54TH
55,55TH
55ST,55TH
55THST,55TH
55TN,55TH
56,56TH
56TH ST,56TH
57,57TH
57 TH,57TH
58THST,58TH
5H,5TH
5IST,51ST
5OTH,50TH
5THST,5TH
6,6TH
6 TH,6TH
60 TH,60TH
60TH S,60TH
60TH ST REET,60TH
61,61ST
62,62ND
62 ND,62ND
62TH,62ND
63ND,63RD
63RD ST REET,63RD
63TH,63RD
6ST,6TH
6THST,6TH
6TTH,6TH
7,7TH
7 TH,7TH
7ST,7TH
7TH DT,7TH
7THST,7TH
8,8TH
8 TH,8TH
8TH ST AP,8TH
8THST,8TH
9 TH,9TH
9ST,9TH
9TTH,9TH
ABBY,ABBEY
ACHESAPEAKE,CHESAPEAKE
ADAAMS,ADAMS
ADAM,ADAMS
ADAM HILLS,ADAMS MILL
ADAM MILL,ADAMS MILL
ADAMS HILL,ADAMS MILL
ADAMS MIL,ADAMS MILL
ADAMS MILLS,ADAMS MILL
ADAMSMILL,ADAMS MILL
ADMS MILL,ADAMS MILL
AGDEN,OGDEN
AIMES,AMES
AIMS,AMES
AINGLER,AINGER
AL,ALABAMA
ALA,ALABAMA
ALABOMA,ALABAMA
ALAMABA,ALABAMA
ALAMAMA,ALABAMA
ALAMBA,ALABAMA
ALAMBAMA,ALABAMA
ALANTIC,ATLANTIC
ALBEMARIE,ALBEMARLE
ALBEMARK,ALBEMARLE
ALBEMERLE,ALBEMARLE
ALBERMARLE,ALBEMARLE
ALBERT IRVIN CASSE,ALBERT IRVIN CASSELL
ALISON,ALLISON
ALLAMONT,ALTAMONT
ALLISION,ALLISON
ALLISN,ALLISON
ALLISON AT,ALLISON
ALLISON ST AP,ALLISON
ALTANTIC,ATLANTIC
ALTLANTIC,ATLANTIC
ALVEMARLE,ALBEMARLE
AMENS,AMES
ANAACOSTIA,ANACOSTIA
ANACASTIA,ANACOSTIA
ANACOATIA,ANACOSTIA
ANACOSIA,ANACOSTIA
ANACOSITA,ANACOSTIA
ANACOSTA,ANACOSTIA
ANACOSTIS,ANACOSTIA
ANACOSTRA,ANACOSTIA
ANACOSYIA,ANACOSTIA
ANACOTIA,ANACOSTIA
ANCOSTIA,ANACOSTIA
ANDES,ANDERSON
ANGER,ANGELL
ANICOTA,ANACOSTIA
ANIGER,AINGER
ANNACOSTIA,ANACOSTIA
ANOCOSTIA,ANACOSTIA
AOUTHERN,SOUTHERN
APEN,ASPEN
APPLE ORCHARD,APPLE
ARMOUR,ARMOR
ARONALD,ARNOLD
ARONOLD,ARNOLD
ASCOTT,ASCOT
ASHBURY,ASBURY
ASHEMEAD,ASHMEAD
ASLASKA,ALASKA
ASMEAD,ASHMEAD
ASTAOR,ASTOR
ASTIR,ASTOR
ASTON,ASTOR
ASTRO,ASTOR
ATLANCTIC,ATLANTIC
ATLANIC,ATLANTIC
ATLANTIE,ATLANTIC
AVANNAH,SAVANNAH
AYENS,AYERS
BA TES,BATES
BALDENSBURG,BLADENSBURG
BALIR,BLAIR
BALVESTON,GALVESTON
BANGER,BANGOR
BANGO,BANGOR
BANKER HILL,BUNKER HILL
BANNABY,BARNABY
BARABY,BARNABY
BARANABY,BARNABY
BARBABY,BARNABY
BARN,BARNES
BARNABT,BARNABY
BARNABYTERRACE,BARNABY
BARNADE,BARNABY
BARNADY,BARNABY
BARNANY,BARNABY
BARNARBY,BARNABY
BARNBEY,BARNABY
BARNBY,BARNABY
BARNDYWINE,BRANDYWINE
BASE,BASS
BECHER,BEECHER
BECKMAN,BECK
BEKMONT,BELMONT
BELLVUE,BELLEVUE
BELMONNT,BELMONT
BEN NING,BENNING
BENING,BENNING
BENN,BENNING
BENNET,BENNETT
BENNIG,BENNING
BENNINGRD,BENNING
BENNINGROAD,BENNING
BENNINGS,BENNING
BENNINIG,BENNING
BENNNING,BENNING
BERNABY,BARNABY
BFAIRMONT,FAIRMONT
BLACHARD,BLANCHARD
BLADENBURG,BLADENSBURG
BLADENSBERG,BLADENSBURG
BLADNSBRG,BLADENSBURG
BLAGDENS,BLAGDEN
BLAGNESBURG,BLADENSBURG
BLAIN,BLAINE
BLAINE STREE EA,BLAINE
BLAINER,BLAINE
BLAKELY LN,BLAKNEY
BLAKENEY,BLAKNEY
BLALINE,BLAINE
BLANDENSBURG,BLADENSBURG
BLANE,BLAINE
BLANKEY,BLAKNEY
BLEMONT,BELMONT
BOINI,BONINI
BONGOR,BANGOR
BONI,BONINI
BONIN,BONINI
BONKER HILL,BUNKER HILL
BORTHERS P,BROTHERS
BOSS,ROSS
BOWEN RAOD,BOWEN
BOWER,BOWEN
BOWNE,BOWEN
BR YANT,BRYANT
BRANCE,BRANCH
BRANDWINE,BRANDYWINE
BRANDYWIND,BRANDYWINE
BRANDYWINE STREET,BRANDYWINE
BRANDYWNE,BRANDYWINE
BRANDYWNEST,BRANDYWINE
BRANDYWUNE,BRANDYWINE
BRANNDYWINE,BRANDYWINE
BRANYWINE,BRANDYWINE
BRD BRANCH,BRANCH
BRENDWOOD,BRENTWOOD
BRENTWWOD,BRENTWOOD
BRINEY,BIRNEY
BRNDYWINE,BRANDYWINE
BRNDYWNE,BRANDYWINE
BROAD,BROAD BRANCH
BROAD BR,BROAD BRANCH
BROOK,BROOKS
BROTHER,BROTHERS
BROTHES,BROTHERS
BST,B
BUCHANA,BUCHANAN
BUCHANANA,BUCHANAN
BUCHANNAN,BUCHANAN
BUCHANON,BUCHANAN
BUENA,BUENA VISTA
BUENA V,BUENA VISTA
BUENA VIS,BUENA VISTA
BUENA VISA,BUENA VISTA
BUENA VIST,BUENA VISTA
BUENA VISTATERR,BUENA VISTA
BUENA VITSA,BUENA VISTA
BUENA VSIA,BUENA VISTA
BUENA VUST,BUENA VISTA
BUENAVISTA,BUENA VISTA
BUENTA VISTA,BUENA VISTA
BULTER,BUTLER
BUNEA VISTA,BUENA VISTA
BUNKER HILL R,BUNKER HILL
BUNKERHILL,BUNKER HILL
BUNKR HLL,BUNKER HILL
BUNNKER HILL,BUNKER HILL
BUNWELL,BURWELL
BURBANKS,BURBANK
BURBARK,BURBANK
BURBKANK,BURBANK
BURCE,BURKE
BUREA VISTA,BUENA VISTA
BURINGTON,BURLINGTON
BURLINGTN,BURLINGTON
BURLNGTN,BURLINGTON
BURMMEL,BRUMMEL
BURN,BURNS
BURNA VISTA,BUENA VISTA
BURNHAM PS,BURNHAM
BURNHUM,BURNHAM
BURNS CPL,BURNS
BURROUGHS,NANNIE HELEN BURROUGHS
BURWELL ST BAFB,BURWELL
BUTLER TS,BUTLER
BUTTLER,BUTLER
BUTTRWRTH,BUTTERWORTH
BVENA VISTA,BUENA VISTA
BYRANT,BRYANT
C J BARNEY,COMMODORE JOSHUA BARNEY
C J BRNY,COMMODORE JOSHUA BARNEY
C VILL,DC VILLAGE
C VILLAGE,DC VILLAGE
CADAR,CEDAR
CADY S,CADY'S
CALF,CALL
CALI,CALL
CALIF,CALIFORNIA
CALIFO,CALIFORNIA
CALIFOR,CALIFORNIA
CALIFORNINA,CALIFORNIA
CALIFRONIA,CALIFORNIA
CALL PLACESE,CALL
CALVART,CALVERT
CALVESTON,GALVESTON
CALVVERT,CALVERT
CANAL TOWPATH,CANAL
CAP,CAPE
CAPITAL,CAPITOL
CAPITAL SQ,CAPITOL SQUARE
CAPITAL SQUARE,CAPITOL SQUARE
CAPITOL SQ,CAPITOL SQUARE
CARENTER,CARPENTER
CARRLLBRG,CARROLL
CARROL,CARROLL
CARROLBURG,CARROLLSBURG
CARROLLB,CARROLL
CARROLLBURG,CARROLLSBURG
CARROLLBURGS,CARROLLSBURG
CARROLSBERG,CARROLLSBURG
CARROLSBUG,CARROLLSBURG
CARROLSBURG,CARROLLSBURG
CARROOLSBURG,CARROLLSBURG
CARSWEKK,CARSWELL
CARSWELL CIR BOLL,CARSWELL
CARTLAND,CORTLAND
CASSELL,ALBERT IRVIN CASSELL
CASTERN,EASTERN
CATHDRAL,CATHEDRAL
CATHDRL,CATHEDRAL
CATHEDAL,CATHEDRAL
CATHEDRAL AV WEST,CATHEDRAL
CATHEDRAL VE,CATHEDRAL
CATHEDRALL,CATHEDRAL
CATHEDREAL,CATHEDRAL
CATHEDRL,CATHEDRAL
CATHERAL,CATHEDRAL
CATHERDAL,CATHEDRAL
CATHERDRAL,CATHEDRAL
CATHERIAL,CATHEDRAL
CCARLTON,CARLTON
CEADAR,CEDAR
CEADER,CEDAR
CEADR,CEDAR
CEDAS,CEDAR
CENRAL,CENTRAL
CENTERAL,CENTRAL
CHAIN BR,CHAIN BRIDGE
CHAIN GRIDGE,CHAIN BRIDGE
CHAMBLAIN,CHAMPLAIN
CHAMPLIN,CHAMPLAIN
CHANCELLOR S,CHANCELLOR'S
CHANCELLORS S,CHANCELLOR'S
CHANING,CHANNING
CHANNIN,CHANNING
CHAOIN,CHAPIN
CHAPIN ST AP,CHAPIN
CHAPLAIN,CHAPLIN
CHAPLAINE,CHAPLIN
CHAPLILN,CHAPLIN
CHAPPARAL,CHAPIN
CHEASAPEAKE,CHESAPEAKE
CHEASAPPEAKE,CHESAPEAKE
CHEASEPEAKE,CHESAPEAKE
CHEASPEAKE,CHESAPEAKE
CHESAPAKE,CHESAPEAKE
CHESAPEAK,CHESAPEAKE
CHESAPEAKA,CHESAPEAKE
CHESAPEKE,CHESAPEAKE
CHESAPKE,CHESAPEAKE
CHESEAPEAK,CHESAPEAKE
CHESEAPEAKE,CHESAPEAKE
CHESEPEAK,CHESAPEAKE
CHESEPEAKE,CHESAPEAKE
CHESEPEKE,CHESAPEAKE
CHESNUT,CHESTNUT
CHESPEAK,CHESAPEAKE
CHESPEAKE,CHESAPEAKE
CHESTRFLD,CHESTERFIELD
CHEVY CHSE,CHEVY CHASE
CHILDLESS,CHILDRESS
CHILLIM,CHILLUM
CHILLIUM,CHILLUM
CHILLOM,CHILLUM
CHILLUMPLACE,CHILLUM
CHN BRDG,CHAIN BRIDGE
CHN BRDGE,CHAIN BRIDGE
CHN BRIDGE,CHAIN BRIDGE
CHRRY HLL,CHERRY HILL
CHSEAPEAKE,CHESAPEAKE
CHUCH,CHURCH
CHULLIUM,CHILLUM
CHURH,CHURCH
CIFTON,CLIFTON
CILFTON,CLIFTON
CILLUM,CHILLUM
CJ BARNEY,COMMODORE JOSHUA BARNEY
CJ BRNY,COMMODORE JOSHUA BARNEY
CJBRNY,COMMODORE JOSHUA BARNEY
CLAGGETT,CLAGETT
CLAT,CLAY
CLEMONT,CLERMONT
CLIFFBORNE,CLIFFBOURNE
CLIFFBRNE,CLIFFBOURNE
CLIFFTON,CLIFTON
CLIFON,CLIFTON
CLIFTONS,CLIFTON
CLITON,CLIFTON
CLYDESDAL,CLYDESDALE
CLYDSDALE,CLYDESDALE
CLYLESDALE,CLYDESDALE
CM BARNEY,COMMODORE JOSHUA BARNEY
COCHRAN,CORCORAN
COCORAN,CORCORAN
COCSTITUTION,CONSTITUTION
COKUMBIA,COLUMBIA
COLARADO,COLORADO
COLD,COLE
COLOMBIA,COLUMBIA
COLORADA,COLORADO
COLORDO,COLORADO
COLORODO,COLORADO
COLUBMIA,COLUMBIA
COLUMBIS,COLUMBIA
COLUMBUA,COLUMBUS
COLUMIA,COLUMBIA
COLUMIBIA,COLUMBIA
COLUNBIA,COLUMBIA
COMGRESS,CONGRESS
COMM JOSHUA BARNEY,COMMODORE JOSHUA BARNEY
COMMADORE,COMMODORE JOSHUA BARNEY
COMMODOR BARNEY JOSHUA,COMMODORE JOSHUA BARNEY
COMMODORE J BARNEY,COMMODORE JOSHUA BARNEY
COMMODORE JB,COMMODORE JOSHUA BARNEY
COMMODORE JOSH BARNE,COMMODORE JOSHUA BARNEY
COMMODORE JOSHUA,COMMODORE JOSHUA BARNEY
COMMODORE JOSHUA B,COMMODORE JOSHUA BARNEY
COMMODORE JOSHUA BARNEY D,COMMODORE JOSHUA BARNEY
COMMONDORE J BARNEY,COMMODORE JOSHUA BARNEY
COMNGRESS,CONGRESS
CONCORAN,CORCORAN
CONDIN,CONDON
CONDO,CONDON
CONECTICUT,CONNECTICUT
CONGESS,CONGRESS
CONGREES,CONGRESS
CONN,CONNECTICUT
CONNECICUT,CONNECTICUT
CONNECITICUT,CONNECTICUT
CONNECT,CONNECTICUT
CONNECTICIUT,CONNECTICUT
CONNECTICUIT,CONNECTICUT
CONNECTICUT A,CONNECTICUT
CONNECTICUT AVEUEN,CONNECTICUT
CONNECTICUTE,CONNECTICUT
CONNECTINUT,CONNECTICUT
CONNECTIUT,CONNECTICUT
CONNETICUT,CONNECTICUT
CONNETIVE,CONNECTICUT
CONST,CONSTITUTION
CONSTIT,CONSTITUTION
CONSTITIUTION,CONSTITUTION
CONSTITU,CONSTITUTION
CONSTITUIION,CONSTITUTION
CONSTITUION,CONSTITUTION
CONSTITUITION,CONSTITUTION
CONSTITUTIION,CONSTITUTION
CONSTITUTN,CONSTITUTION
CONSTUTION,CONSTITUTION
CORCARAN,CORCORAN
CORNWELL,EDWARD E CORNWELL JR
COUFFUT,CROFFUT
COULD,CLOUD
COUMBIA,COLUMBIA
COURTLAND,CORTLAND
CRAFFUT,CROFFUT
CREEK FORD,ROCK CREEK FORD
CREITTENDEN,CRITTENDEN
CRESCENTS,CRESCENT
CRIITTENDEN,CRITTENDEN
CRINTTEN,CRITTENDEN
CRITENDEN,CRITTENDEN
CRITTEDEN,CRITTENDEN
CRITTEENDEN,CRITTENDEN
CRITTENDAN,CRITTENDEN
CRITTENDED,CRITTENDEN
CRITTENDN,CRITTENDEN
CRITTENDON,CRITTENDEN
CRITTERDEN,CRITTENDEN
CROFFUTT,CROFFUT
CROFUTT,CROFFUT
CRONWELL,CROMWELL
CRONWELLTERRACE,CROMWELL
CRONWLL,CROMWELL
CRRITTENDEN,CRITTENDEN
CRRITTENDEN DR,CRITTENDEN
CST,C
CUDAR,CEDAR
CUMBERLND,CUMBERLAND
CUSHINGS,CUSHING
D C VILLAGE,DC VILLAGE
DAHILIA,DAHLIA
DANBARY,DANBURY
DANBORY,DANBURY
DANBURI,DANBURY
DANSBURY,DANBURY
DARBURY,DANBURY
DARINGTONST,DARRINGTON
DAUGLAS,DOUGLAS
DAVISION,DIVISION
DC VILL,DC VILLAGE
DC VILLGE,DC VILLAGE
DECAATUR,DECATUR
DECATER,DECATUR
DECATOR,DECATUR
DECATURE,DECATUR
DECATURS,DECATUR
DELA FIELD,DELAFIELD
DELAFEILD,DELAFIELD
DELAFIED,DELAFIELD
DELAFIELS,DELAFIELD
DELAFILD,DELAFIELD
DELAWAEE,DELAWARE
DELAWAEE AVE,DELAWARE
DELEFIELD,FIELD
DELEWARE,DELAWARE
DELFIELD,DELAFIELD
DELLAFIELD,DELAFIELD
DELWARE,DELAWARE
DEPENSE,DEFENSE
DERRINGTON,DARRINGTON
DEVNSHIRE,DEVONSHIRE
DEVONSHRE,DEVONSHIRE
DEXATUR,DECATUR
DEXTER TERRSE,DEXTER
DIV,DIVISION
DIVISION EVE,DIVISION
DIVISON,DIVISION
DOOUGLAS,DOUGLAS
DOUBLAS,DOUGLAS
DOULAS,DOUGLAS
DOWING,DOWNING
DOWINING,DOWNING
DOWNINGS,DOWNING
DOWNY,DOWNING
DST,D
DUBBINGTON,DUDDINGTON
DUBIOS,DUBOIS
DUBOIS PACESE,DUBOIS
DUBOIS PLY,DUBOIS
DUBOISE,DUBOIS
DUBOSE,DUBOIS
DUCAN,DUNCAN
DUDDINGTN,DUDDINGTON
DUMBARTEN,DUMBARTON
DUNBARTON,DUMBARTON
DUNBORTAN,DUNBAR
E BEACH,EAST BEACH
E CAP,EAST CAPITOL
E CAPITAL,EAST CAPITOL
E CAPITOL,EAST CAPITOL
E CAPITOL PLAZA,EAST CAPITOL
E CAPITOL SR,EAST CAPITOL
E CAPTIOL,EAST CAPITOL
EADS SDT,EADS
EAKER LA BAFB,EAKER
EAKER LA BOLLING,EAKER
EAKER LA E,EAKER
EARKER,EAKER
EARTERN,EASTERN
EAST CAITOL,EAST CAPITOL
EAST CAP,EAST CAPITOL
EAST CAPITAL,EAST CAPITOL
EAST CAPITAL SE,EAST CAPITOL
EAST CAPITL,EAST CAPITOL
EAST CAPST,EAST CAPITOL
EAST CAPT,EAST CAPITOL
EAST CAPTIAL,EAST CAPITOL
EAST CAPTIOL,EAST CAPITOL
EAST CAPTOL,EAST CAPITOL
EAST EDWARDS,EDWARDS
EASTCAPITOL,EAST CAPITOL
EASTEN,EASTERN
EASTER,EASTERN
EASTERN AV NW,EASTERN
EASTERN AVENE,EASTERN
EASTN CAPITOL,EAST CAPITOL
EATION,EATON
ECAPITAL,EAST CAPITOL
ECAPITOL,EAST CAPITOL
ECAPITOLST,EAST CAPITOL
ECLID,EUCLID
EDEGEWOOD,EDGEWOOD
EDEWOOD,EDGEWOOD
EDGE VALE,EDGEVALE
EDGELWOOD,EDGEWOOD
EDGEWOD,EDGEWOOD
EDGEWOOOD,EDGEWOOD
EDGEWOOT,EDGEWOOD
EDGLEWOOD,EDGEWOOD
EDGWEOOD,EDGEWOOD
EDISON,EDSON
EDMONDS,EDMUNDS
EDWARD,EDWARDS
EGEWOOD,EDGEWOOD
EGGEWOOD,EDGEWOOD
EGLINWAY,EGLIN
EIGHTEENTH,18TH
EIGHTH,8TH
EIVANS,ELVANS
ELEVENTH,11TH
ELGIN,EGLIN
ELLIOCOTT,ELLIOTT
ELLOCOTT,ELLICOTT
ELMIA,ELMIRA
ELVAMS,ELVANS
ELVAN,ELVANS
ELVINS,ELVANS
ELVIRA,ELMIRA
EMBASSY PK,EMBASSY PARK
EMBSSY PK,EMBASSY PARK
EMERSION,EMERSON
EMMANUAL,EMMANUEL
EMMANUEL CURT,EMMANUEL
ENCLID,EUCLID
ENDGEWOOD,EDGEWOOD
ENFANT PLAZA,L'ENFANT
ERI,ERIE
EST,E
ESTER,ESTHER
EUCILD,EUCLID
EUCLED,EUCLID
EUCLIC,EUCLID
EUCLID ST AP,EUCLID
EULLID,EUCLID
EVANS,ELVANS
EVARST,EVARTS
EVART,EVARTS
EVERTS,EVERETT
EYE,I
F DUPONT,FORT DUPONT
F00TE,FOOTE
FAILRMONT,FAIRMONT
FAIMONT,FAIRMONT
FAIRLAND,FAIRLAWN
FAIRMIONT,FAIRMONT
FAIRMON,FAIRMONT
FAIRMONTH,FAIRMONT
FAIRMOUNT,FAIRMONT
FAIRRMANT,FAIRMONT
FALL,FALLS
FALLLA,FALLS
FALLS TERACE,FALLS
FALLS TERRR,FALLS
FARADY,FARADAY
FARAGUT,FARRAGUT
FARDAY,FARADAY
FARGUT,FARRAGUT
FARIMONT,FAIRMONT
FARIRLAWN,FAIRLAWN
FARRADAY,FARADAY
FARRAGAT,FARRAGUT
FARRAGET,FARRAGUT
FARRAGIT,FARRAGUT
FARRAGUST,FARRAGUT
FARRAUT,FARRAGUT
FARRGUT,FARRAGUT
FARRMONT,FAIRMONT
FARROGUT,FARRAGUT
FARRUGAT,FARRAGUT
FARRUGUT,FARRAGUT
FENDELL,FENDALL
FENNDALL,FENDALL
FERMONT,VERMONT
FESSENDER,FESSENDEN
FFORT DUPONT,FORT DUPONT
FGLAGLER,FLAGLER
FIELD PLACENE,FIELD
FIFTEENTH,15TH
FIFTHTEENTH,15TH
FIRARD,GIRARD
FLAGER,FLAGLER
FLAGGER,FLAGLER
FLAGGLER,FLAGLER
FLAGIER,FLAGLER
FLANGLEY,LANGLEY
FLANKLIN,FRANKLIN
FLORDA,FLORIDA
FLORDIA,FLORIDA
FLORDIA AVFE,FLORIDA
FLORIDA ANE,FLORIDA
FLORIDIA,FLORIDA
FONRT LINCOLN,FORT LINCOLN
FOOT,FOOTE
FOR BAKER,FORT BAKER
FORD TOTTEN,FORT TOTTEN
FORESTER,FORRESTER
FORRERSTER,FORRESTER
FORRESSTER,FORRESTER
FORREST LNE,FOREST
FORRESTON,FORRESTER
FORT BAKERS,FORT BAKER
FORT DUPORT,FORT DUPONT
FORT STEVEN,FORT STEVENS
FORT TEVENS,FORT STEVENS
FORT TOTTENS,FORT TOTTEN
FORT TOTTON,FORT TOTTEN
FORT TROTTEN,FORT TOTTEN
FORTE,FORT
FORTE DUPONT,FORT DUPONT
FORTSTEVEN,FORT STEVENS
FORTTOTEM,FORT TOTTEN
FORTY SIXTH,46TH
FOURTEENTH,14TH
FOURTEENTH ST AP,14TH
FOURTH,4TH
FOUTH,4TH
FOX HALL,FOXHALL
FOXHAL,FOXHALL
FOXHALL CRESCENTS,FOXHALL
FRAISER,FRASER
FRANKLIN STN ME,FRANKLIN
FRANKLINE,FRANKLIN
FRANKLN,FRANKLIN
FRANLKIN,FRANKLIN
FRARRAGUT,FARRAGUT
FRED DOU,FREDERICK DOUGLASS
FRED DOUG,FREDERICK DOUGLASS
FRED DOUGLAS,FREDERICK DOUGLASS
FREDERICK,FREDERICK DOUGLASS
FREDERICK DOUGLAS,FREDERICK DOUGLASS
FREDERICK DOUGLAS CTSE,FREDERICK DOUGLASS
FREDERICK DOUGLAS PL S,FREDERICK DOUGLASS
FREDERICK DOUGLASS COUR,FREDERICK DOUGLASS
FREDRICK DIUG,FREDERICK DOUGLASS
FREDRICK DOUG,FREDERICK DOUGLASS
FREDRICK DOUGLAS,FREDERICK DOUGLASS
FREDRICK DOUGLASS,FREDERICK DOUGLASS
FRESSENDEN,FESSENDEN
FRIST,1ST
FRNAKLIN,FRANKLIN
FRRANKLIN,FRANKLIN
FST,F
FSTRRET,F
FT BAKER,FORT BAKER
FT DAVIS,FORT DAVIS
FT DUPNT,FORT DUPONT
FT DUPONT,FORT DUPONT
FT DUPONTST,FORT DUPONT
FT LINCLN,FORT LINCOLN
FT LINCOLN,FORT LINCOLN
FT STEVEN,FORT STEVENS
FT STEVENS,FORT STEVENS
FT TOTEN,FORT TOTTEN
FT TOTTEN,FORT TOTTEN
FTSTEVENS,FORT STEVENS
FTSTEVENSDR,FORT STEVENS
FTTOTTEN,FORT TOTTEN
GA,GEORGIA
GA VESTON,GALVESTON
GAAVE,GEORGIA
GAINES,GAINESVILLE
GAINES ST,GAINESVILLE
GAINESUILLE,GAINESVILLE
GAINESVIL,GAINESVILLE
GAINESVILE,GAINESVILLE
GAINESVILL,GAINESVILLE
GAINESVILLE ST,GAINESVILLE
GAINESVILLT,GAINESVILLE
GAINEVILLE,GAINESVILLE
GAINSVILE,GAINESVILLE
GAINSVILL,GAINESVILLE
GAINSVILLE,GAINESVILLE
GAINSVLLE,GAINESVILLE
GAINVILLE,GAINESVILLE
GALATIN,GALLATIN
GALE,GALES
GALEM,GALEN
GALEVESTON,GALVESTON
GALEVSTON,GALVESTON
GALLANTIN,GALLATIN
GALLAUDET UNIV,GALLAUDET
GALLAUDETT,GALLAUDET
GALLENS,GALEN
GALLIATIN,GALLATIN
GALLITIN,GALLATIN
GALLUDET,GALLAUDET
GALLUDETT,GALLAUDET
GALLVESTON,GALVESTON
GALVASTON,GALVESTON
GALVENSTON,GALVESTON
GALVERSTON,GALVESTON
GALVERTON,GALVESTON
GALVESEON,GALVESTON
GALVESION,GALVESTON
GALVESTO,GALVESTON
GALVESTONE,GALVESTON
GALVESTOR,GALVESTON
GANEVILLE,GAINESVILLE
GAULT PL NER,GAULT
GAVELSTON,GALVESTON
GAVESTON,GALVESTON
GAYS,GAY
GEORGA,GEORGIA
GEORGE,GEORGIA
GEORGEIA,GEORGIA
GEORGETWN,GEORGETOWN
GEORGIE,GEORGIA
GEORIA,GEORGIA
GERARD,GIRARD
GERGIA,GEORGIA
GERMAN,GORMAN
GEROGIA,GEORGIA
GERRGIA,GEORGIA
GERSHAM,GRESHAM
GIARD,GIRARD
GIORGIA,GEORGIA
GIRAD,GIRARD
GIRALD,GIRARD
GIRARF,GIRARD
GIRARO,GIRARD
GIRAUD,GIRARD
GIRRAD,GIRARD
GLAVESTON,GALVESTON
GLENBRK,GLENBROOK
GLVESTON,GALVESTON
GOAL HOPE,GOOD HOPE
GODD HOPE,GOOD HOPE
GOERGIA,GEORGIA
GONDON,GORMAN
GOOD HOP,GOOD HOPE
GOOD HOPERD,GOOD HOPE
GOOD RO,GOOD HOPE
GOODE HOPE,GOOD HOPE
GOODHOPE,GOOD HOPE
GORGIA,GEORGIA
GORMEN,GORMAN
GRAD,GIRARD
GRANVILLE,GRANT
GRARD,GIRARD
GREEEN,GREEN
GREENWICH PW,GREENWICH
GRESHAN,GRESHAM
GST,G
GUALT,GAULT
H ISLAND,RHODE ISLAND
HAARTFORD,HARTFORD
HAETHORNE,HAWTHORNE
HAGANS,THEODORE R HAGANS
HAILTON,HAMILTON
HAITT,HIATT
HALBROOK,HOLBROOK
HALF 12TH,HALF
HALF 6TH,HALF
HALLEY PLACE EAST,HALLEY
HALLY,HALLEY
HAMILIN,HAMLIN
HAMILITON,HAMILTON
HAMILTON S,HAMILTON
HAMITON,HAMILTON
HAMLITON,HAMILTON
HANDOVER,HANOVER
HANNAH,HANNA
HANNAN,HANNA
HANNER,HANNA
HARDFORD,HARTFORD
HARFORD,HARTFORD
HARRARD,HARRISON
HARRISION,HARRISON
HARTFOR,HARTFORD
HARTFORD SR,HARTFORD
HARTFORS,HARTFORD
HARTHORNE,HAWTHORNE
HARTZ DR AFB,HARTZ
HARVAD,HARVARD
HARVART,HARVARD
HARWARD,HARVARD
HATT,HIATT
HAVARD,HARVARD
HAVES,HAYES
HAWAI,HAWAII
HAWTHORN,HAWTHORNE
HAWTHRONE,HAWTHORNE
HAY,HAYES
HAYE,HAYES
HAYES T,HAYES
HAYESST,HAYES
HAYNES,HAYES
HAYS,HAYES
HAYSE,HAYES
HEALY HALL,HALL
HERFORD,HERTFORD
HEWTHORNE,HAWTHORNE
HIGH VIEW,HIGHVIEW
HIGHVEIW,HIGHVIEW
HILDERTH,HILDRETH
HILL SIDE,HILLSIDE
HILL TOP,HILLTOP
HILLCRSET,HILLCREST
HILTOP,HILLTOP
HOBARD,HOBART
HOBERT,HOBART
HOLBART,HOBART
HOLBOOK,HOLBROOK
HOLBROO,HOLBROOK
HOLBROOKP,HOLBROOK
HOLBROOKS,HOLBROOK
HOLLBROOK,HOLBROOK
HOLLEY,HALLEY
HOPKIN,HOPKINS
HORTFORD,HARTFORD
HOWRAD,HOWARD
HPATRICK,PATRICK
HR,H R
HUIDEKPER,HUIDEKOPER
HUIDEKPR,HUIDEKOPER
HUIDEPOKER,HUIDEKOPER
HUN,HUNT
HUND,HUNT
HUNT P,HUNT
HUNTINGTN,HUNTINGTON
HUNTLINGTON,HUNTINGTON
HUNTS,HUNT
HYAES,HAYES
HYATT,HIATT
HYES,HAYES
ILINOIS,ILLINOIS
ILL,ILLINOIS
ILLINIOS,ILLINOIS
ILLINOIA,ILLINOIS
ILLINOISE,ILLINOIS
ILLINOS,ILLINOIS
ILLINOSIS,ILLINOIS
ILLIONIOS,ILLINOIS
ILLIONIS,ILLINOIS
ILLIONOIS,ILLINOIS
ILLNOIS,ILLINOIS
ILLONIS,ILLINOIS
IMGRAHAN,INGRAHAM
IND,INDIAN
INDENPENDENCE,INDEPENDENCE
INDEP,INDEPENDENCE
INDEPDNCE,INDEPENDENCE
INDEPEN,INDEPENDENCE
INDEPEN AVE,INDEPENDENCE
INDEPENCE,INDEPENDENCE
INDEPENCENCE,INDEPENDENCE
INDEPENDANCE,INDEPENDENCE
INDEPENDNC,INDEPENDENCE
INDEPENDNCE,INDEPENDENCE
INDEPENETS,INDEPENDENCE
INDEPNCE,INDEPENDENCE
INDEPNDNCE,INDEPENDENCE
INDIANRK,INDIAN
INDPENDENCE,INDEPENDENCE
INDPNDNC,INDEPENDENCE
INGIESIDE,INGLESIDE
INGLESD,INGLESIDE
INGLESDE,INGLESIDE
INGLSDE,INGLESIDE
INGOMER,INGOMAR
INGOMUR,INGOMAR
INGRAHM,INGRAHAM
INGRAHUAM,INGRAHAM
INGRAM,INGRAHAM
INGRHAM,INGRAHAM
INTER,INTERNATIONAL
INTERNINL,INTERNATIONAL
INVAHOE,IVANHOE
IOWA AV,IOWA
IRANROE,IVANHOE
IRIVING,IRVING
IRRINGTON,DARRINGTON
IRVIN,IRVING
IRVINE,IRVING
IRVING ST AP,IRVING
IRVINGIN,IRVINGTON
IRVINGSON,IRVING
IRVINGSTON,IRVINGTON
IRVINGTN,IRVING
IRVINGTONST,IRVINGTON
IRVINIG,IRVING
IRVINR,IRVING
ISHENWOOD,ISHERWOOD
ISLAND,RHODE ISLAND
IVANHO,IVANHOE
IVANHPOE,IVANHOE
IVENHOE,IVANHOE
IVING,IRVING
J BARNEY,BARNEY
JAACKSON,JACKSON
JAMES M MCGEE,JAMES M MCGEE JR
JAMES MCGEE,JAMES M MCGEE JR
JAMES MCGHEE,JAMES M MCGEE JR
JASPER S,JASPER
JASPERS,JASPER
JCKSON,JACKSON
JEFERSON,JEFFERSON
JEFFEERSON,JEFFERSON
JEFFENRSON,JEFFERSON
JEFFERESON,JEFFERSON
JEFFERON,JEFFERSON
JEFFERSPM,JEFFERSON
JEFFERSSON,JEFFERSON
JEFFRESON,JEFFERSON
JENFER,JENIFER
JENNIFER,JENIFER
JFFERSON,JEFFERSON
JM MCGEE JR,JAMES M MCGEE JR
JMMCGEE JR,JAMES M MCGEE JR
JOIET,JOLIET
JOILET,JOLIET
JOILETT,JOLIET
JOLET,JOLIET
JOSHUA BARNEY,COMMODORE JOSHUA BARNEY
JOUQUIL,JONQUIL
JOYCELYN,JOCELYN
JUSR,JUST
KALARAMA,KALORAMA
KALORAM,KALORAMA
KANAS,KANSAS
KANAWAA,KANAWHA
KANDALL,KENDALL
KANSA,KANSAS
KANSIS,KANSAS
KEARMEY,KEARNY
KEARNEY,KEARNY
KEARNYST,KEARNY
KEARY,KEARNY
KEATNEY,KEARNY
KEENEDY,KENNEDY
KEEPER,KEEFER
KELLEY,KELLY
KENDAL,KENDALL
KENELWORTH,KENILWORTH
KENENDY,KENNEDY
KENILWOR,KENILWORTH
KENILWOTH,KENILWORTH
KENIWORLTH,KENILWORTH
KENIWORTH,KENILWORTH
KENLRTH,KENILWORTH
KENLWORTH,KENILWORTH
KENLWRTH,KENILWORTH
KENNALLWORTH,KENILWORTH
KENNDEDY,KENNEDY
KENNDEY,KENNEDY
KENNDY,KENNEDY
KENNEDYT,KENNEDY
KENNENEDY,KENNEDY
KENNILWORTH,KENILWORTH
KENNNEDY,KENNEDY
KENRUCKY,KENTUCKY
KENTCUKY,KENTUCKY
KENTUCHKY,KENTUCKY
KENYNO,KENYON
KEYON,KENYON
KHAMER,KRAMER
KHLORAMA,KALORAMA
KILBORNE,KILBOURNE
KILBORUNE,KILBOURNE
KILBOURN,KILBOURNE
KISING,KISLING
KISLING ST BAFB,KISLING
KNOX HILL,KNOX
KST,K
L ENFANT,L'ENFANT
L ENFANTS,L'ENFANT
LA,LANE
LAMANT,LAMONT
LAMONRT,LAMONT
LAMONS,LAMONT
LAMORNT,LAMONT
LANGELEY,LANGLEY
LANGLEY WAY BAFB,LANGLEY
LANGLEYWAY,LANGLEY
LANGLY,LANG
LANIEL,LANIER
LANSFELLOW AP,LONGFELLOW
LAURENCE,LAWRENCE
LAWERENCE,LAWRENCE
LEE SR,LEE
LEEGAK,LEEGATE
LEEGALE,LEEGATE
LENIER,LANIER
LENOIR,LENORE
LEVI,LEVIS
LEWIS,LEVIS
LINCOLD,LINCOLN
LINDER,LINDEN
LINDLEY,LINDEN
LINVINGSTON,LIVINGSTON
LINVINGSTON TERRACE,LIVINGSTON
LIVGSTON,LIVINGSTON
LIVIGNSTON,LIVINGSTON
LIVIGSTON,LIVINGSTON
LIVINGSTN,LIVINGSTON
LIVINGSTO,LIVINGSTON
LIVINGSTON RD D,LIVINGSTON
LIVINGSTON ROAD SOUT,LIVINGSTON
LIVINGSTON ROADSE,LIVINGSTON
LIVINGSTON TERRACET,LIVINGSTON
LIVINGSTONG,LIVINGSTON
LIVINGSTONRD,LIVINGSTON
LIVINGSTONROAD,LIVINGSTON
LIVINGTON,LIVINGSTON
LIVINGTON R WASHINGTON DCY 20,LIVINGSTON
LIVNGSTN,LIVINGSTON
LIVNGSTON,LIVINGSTON
LNGFELLOW,LONGFELLOW
LOGAN CL,LOGAN
LOMONT,LAMONT
LONFELLOW,LONGFELLOW
LONFGELLOW,LONGFELLOW
LONG,LONGFELLOW
LONG FELLOW,LONGFELLOW
LONGELLOW,LONGFELLOW
LONGELLW,LONGFELLOW
LONGFELLLOW,LONGFELLOW
LONGFELLOW ST5REET,LONGFELLOW
LONGFELLW,LONGFELLOW
LOUCHBORO,LOUGHBORO
LOUD PLACESE,LOUD
LOUGHBORD,LOUGHBORO
LOUIS,ST LOUIS
LST,L
LUKE AVENUE 531,LUKE
LURRAY,LURAY
LUSON,LUZON
LVNGSTON,LANGSTON
LYDALE,LYNDALE
LYDALE PLACE,LYNDALE
LYMANN,LYMAN
LYNDIA,LYNDALE
M L K,MARTIN LUTHER KING JR
M L K JR,MARTIN LUTHER KING JR
M L KING,MARTIN LUTHER KING JR
M L KING JR,MARTIN LUTHER KING JR
M L KING JRAVE,MARTIN LUTHER KING JR
M LK JR,MARTIN LUTHER KING JR
MA COMB,MACOMB
MAARYLAND,MARYLAND
MAC ARTHUR,MACARTHUR
MACARTH,MACARTHUR
MACARTHER,MACARTHUR
MACARTHR,MACARTHUR
MACARTHUR BLV,MACARTHUR
MACARTHUR BOULEVA,MACARTHUR
MACARTUR,MACARTHUR
MACOMBS,MACOMB
MADISON STS,MADISON
MADISSON,MADISON
MADSON,MADISON
MAEDE,MEADE
MAJORIE,MARJORIE
MALBORO,MARLBORO
MALCOLM,MALCOLM X
MALCOLMX,MALCOLM X
MALCOM X,MALCOLM X
MALCOMB,MACOMB
MANACHUSETTS,MASSACHUSETTS
MANCHESTER DR,MANCHESTER
MANCHESTR,MANCHESTER
MANCHSTER,MANCHESTER
MANTANA,MONTANA
MAPLE VEIW,MAPLE VIEW
MAPLE VW,MAPLE VIEW
MAPLEVIEW,MAPLE VIEW
MARARTHUR,MACARTHUR
MARCARTHUR,MACARTHUR
MARCH BANKS,MARCHBANKS
MARCOMB,MACOMB
MARIDIAN,MERIDIAN
MARIETA,MARIETTA
MARIN LUTHER KING JR,MARTIN LUTHER KING JR
MARLYLAND,MARYLAND
MARRIETTA,MARIETTA
MARRISON,GARRISON
MARTIN KUTHER KING JR,MARTIN LUTHER KING JR
MARTIN L KING,MARTIN LUTHER KING JR
MARTIN L KING JR,MARTIN LUTHER KING JR
MARTIN LUTH KING,MARTIN LUTHER KING JR
MARTIN LUTH KING JR,MARTIN LUTHER KING JR
MARTIN LUTHER,MARTIN LUTHER KING JR
MARTIN LUTHER KIN,MARTIN LUTHER KING JR
MARTIN LUTHER KING,MARTIN LUTHER KING JR
MARTIN LUTHER KING AV S,MARTIN LUTHER KING JR
MARTIN LUTHER KING AV SEU,MARTIN LUTHER KING JR
MARTIN LUTHER KING AV SWU,MARTIN LUTHER KING JR
MARTIN LUTHER KING AVE JR,MARTIN LUTHER KING JR
MARTIN LUTHER KING AVENUE,MARTIN LUTHER KING JR
MARTIN LUTHER KING AVENUESW,MARTIN LUTHER KING JR
MARTIN LUTHER KING BLVD,MARTIN LUTHER KING JR
MARTIN LUTHER KING JR A,MARTIN LUTHER KING JR
MARTIN LUTHER KING JR AVE,MARTIN LUTHER KING JR
MARTIN LUTHER KING JUNIOR,MARTIN LUTHER KING JR
MARTIN LUTHER KING JUNIR,MARTIN LUTHER KING JR
MARTIN LUTHER KINGJR,MARTIN LUTHER KING JR
MARTIN LUTHER KINGS JR,MARTIN LUTHER KING JR
MARTINLUTHERKING,MARTIN LUTHER KING JR
MARTN LUTHER KING JR,MARTIN LUTHER KING JR
MARYLAND AVENE,MARYLAND
MARYLAND AVENUENE,MARYLAND
MASACHUSETTS,MASSACHUSETTS
MASACHUSSETTS,MASSACHUSETTS
MASS,MASSACHUSETTS
MASSACHESSETTS,MASSACHUSETTS
MASSACHSETTS,MASSACHUSETTS
MASSACHUAETTS,MASSACHUSETTS
MASSACHUCESETTS,MASSACHUSETTS
MASSACHUCETTS,MASSACHUSETTS
MASSACHUESETTES,MASSACHUSETTS
MASSACHUESETTS,MASSACHUSETTS
MASSACHUESTTS,MASSACHUSETTS
MASSACHUETTES,MASSACHUSETTS
MASSACHUETTS,MASSACHUSETTS
MASSACHUSETS,MASSACHUSETTS
MASSACHUSETT,MASSACHUSETTS
MASSACHUSETTA,MASSACHUSETTS
MASSACHUSETTE,MASSACHUSETTS
MASSACHUSETTES,MASSACHUSETTS
MASSACHUSETTES AVEUNE,MASSACHUSETTS
MASSACHUSETTS AV BOX,MASSACHUSETTS
MASSACHUSETTSAVE,MASSACHUSETTS
MASSACHUSSETS,MASSACHUSETTS
MASSACHUSSETT,MASSACHUSETTS
MASSACHUSSETTS,MASSACHUSETTS
MASSACHUTES,MASSACHUSETTS
MASSACHUTTES,MASSACHUSETTS
MASSACHUTTS,MASSACHUSETTS
MASSASCHUSETTS,MASSACHUSETTS
MASSAVE,MASSACHUSETTS
MASSCHUSETTS,MASSACHUSETTS
MASSECHUSETTS,MASSACHUSETTS
MASSESCHUSETTS,MASSACHUSETTS
MASSETCHUSETTS,MASSACHUSETTS
MATHESSON,MATHEWSON
MATHEW MEMORIAL,MATHEWSON
MAYLAND,MARYLAND
MC GILL,MCGILL
MC KINLEY,MCKINLEY
MCARTH,MACARTHUR
MCARTHR,MACARTHUR
MCARTHUR,MACARTHUR
MCCLGH,MCCOLLOUGH
MCCLLOUGH,MCCOLLOUGH
MCCOLLOUGHT,MCCOLLOUGH
MCCOLLOUHG,MCCOLLOUGH
MCCOLOUGH,MCCOLLOUGH
MCCOUGH,MCCOLLOUGH
MCCOULLOUGH,MCCOLLOUGH
MCCULLIN,MCCOLLOUGH
MCCULLOUGH,MCCOLLOUGH
MCCULOUGH,MCCOLLOUGH
MCKINKEY,MCKINLEY
MD,MARYLAND
MEAD,MEADE
MEGIS,MEIGS
MEIGHS,MEIGS
MEIGS PLCE,MEIGS
MELGS,MEIGS
MELLOM,MELLON
MELLOW,MELLON
MELON,MELLON
MERDIAN,MERIDIAN
MEREDIAN,MERIDIAN
MERIDAIAN,MERIDIAN
MERIDAIN,MERIDIAN
MERIDAN,MERIDIAN
MERIDIAM,MERIDIAN
MICH,MICHIGAN
MICHGAN,MICHIGAN
MIEGS,MEIGS
MILIITARY,MILITARY
MILITAR,MILITARY
MILITARI,MILITARY
MILMERSON,MILMARSON
MILTARY,MILITARY
MIN,MINNESOTA
MINESOTA,MINNESOTA
MINESSOTA,MINNESOTA
MINN,MINNESOTA
MINNASOTA,MINNESOTA
MINNAVE,MINNESOTA
MINNESOATA,MINNESOTA
MINNESOTA VE,MINNESOTA
MINNESOTAS,MINNESOTA
MINNESOTTA,MINNESOTA
MINNESSOTA,MINNESOTA
MINNESTO,MINNESOTA
MINNESTOA,MINNESOTA
MINNISOTA,MINNESOTA
MINNOESTA,MINNESOTA
MINNRSOTA,MINNESOTA
MINNSOTA,MINNESOTA
MISS,MISSISSIPPI
MISSIISSIPPI,MISSISSIPPI
MISSIOURI,MISSOURI
MISSIPPI,MISSISSIPPI
MISSIPPIAVE,MISSISSIPPI
MISSIPPIPPI,MISSISSIPPI
MISSIRIPPI,MISSISSIPPI
MISSISIPPI,MISSISSIPPI
MISSISSIPI,MISSISSIPPI
MISSISSIPP,MISSISSIPPI
MISSISSIPPPI,MISSISSIPPI
MISSISSPPI,MISSISSIPPI
MISSOR,MISSOURI
MISSORI,MISSOURI
MISSORU,MISSOURI
MISSOUIR,MISSOURI
MISSOUR,MISSOURI
MISSSISIPPI,MISSISSIPPI
MISSURI,MISSOURI
ML K JRAVE,MARTIN LUTHER KING JR
ML KING,MARTIN LUTHER KING JR
ML KING JE ES,MARTIN LUTHER KING JR
ML KING JR,MARTIN LUTHER KING JR
MLJ AVE,MARTIN LUTHER KING JR
MLK,MARTIN LUTHER KING JR
MLK BLVD,MARTIN LUTHER KING JR
MLK JR,MARTIN LUTHER KING JR
MLK KING,MARTIN LUTHER KING JR
MLKING,MARTIN LUTHER KING JR
MLKING AV JR,MARTIN LUTHER KING JR
MLKING JR,MARTIN LUTHER KING JR
MLKING JRAVE,MARTIN LUTHER KING JR
MLKJRAVE,MARTIN LUTHER KING JR
MONORE,MONROE
MONOTELLO,MONTELLO
MONR0E,MONROE
MONROE TREET,MONROE
MONROS,MONROE
MONT PLEASANT,MOUNT PLEASANT
MONTAGUES,MONTAGUE
MONTANA AVENE,MONTANA
MONTANNA,MONTANA
MONTELLEO AVE,MONTELLO
MONTELLO DR,MONTELLO
MONTELLONAVENUE,MONTELLO
MONTELO,MONTELLO
MONTENO,MONTANA
MONTERREY,MONTEREY
MONTICELLO,MONTELLO
MONTONA,MONTANA
MORDE,ORD
MORNINGSD,MORNINGSIDE
MOROE,MONROE
MORRINSON,MORRISON
MORRIS ROADSE,MORRIS
MORSE ST REET,MORSE
MORTEN,MORTON
MOTELLO,MONTELLO
MOTON CT BOLLING AFB,MOTON
MOUNT OLIVE,MOUNT OLIVET
MOUNT OLIVENT,MOUNT OLIVET
MOUNT PLEASEANT,MOUNT PLEASANT
MOUNT VIEW PLAACE,MOUNT VIEW
MOUNT VIEW PLACESE,MOUNT VIEW
MOUNTVIEW,MOUNT VIEW
MRYTLE,MYRTLE
MST,M
MT OLILVET,MOUNT OLIVET
MT OLIVE,MOUNT OLIVET
MT OLIVER,MOUNT OLIVET
MT OLIVERT,MOUNT OLIVET
MT OLIVET,MOUNT OLIVET
MT OLIVET RDT,MOUNT OLIVET
MT PLEANSAT,MOUNT PLEASANT
MT PLEAS,MOUNT PLEASANT
MT PLEASA,MOUNT PLEASANT
MT PLEASANT,MOUNT PLEASANT
MT PLEASANT AVE,MOUNT PLEASANT
MT PLEASANTS,MOUNT PLEASANT
MT PLENST,MOUNT PLEASANT
MT PLESANT,MOUNT PLEASANT
MT PLESNT,MOUNT PLEASANT
MT VEIW,MOUNT VIEW
MT VIEW,MOUNT VIEW
MTOLIVET ROAD,MOUNT OLIVET
MTPLEASANT,MOUNT PLEASANT
MTPLEASANTST,MOUNT PLEASANT
N 10TH,10TH
N 11TH,11TH
N 12TH,12TH
N 13TH,13TH
N 14,14TH
N 14TH,14TH
N 15TH,15TH
N 17TH,17TH
N 18TH,18TH
N 1ST,1ST
N 20TH,20TH
N 21ST,21ST
N 24TH,24TH
N 26TH,26TH
N 34TH,34TH
N 36TH,36TH
N 3RD,3RD
N 45TH,45TH
N 4TH,4TH
N 53RD,53RD
N 54TH,54TH
N 5TH,5TH
N 60TH,60TH
N 62ND,62ND
N 6TH,6TH
N 7TH,7TH
N 9TH,9TH
N AJAY,JAY
N ALLISON,ALLISON
N BATES,BATES
N BELMONT,BELMONT
N BENNING,BENNING
N BROOKS,BROOKS
N BUCHANAN,BUCHANAN
N BURR,NANNIE HELEN BURROUGHS
N C,NORTH CAROLINA
N CAP,NORTH CAPITOL
N CAPITAL,NORTH CAPITOL
N CAPITOL,NORTH CAPITOL
N CAPT,NORTH CAPITOL
N CAPTIOL,NORTH CAPITOL
N CARLINA,CAROLINA
N CAROL,CARROLL
N CAROLINA,NORTH CAROLINA
N CENTER,CENTER
N CLAY,CLAY
N CLIFTON,CLIFTON
N COLORADO,COLORADO
N COLUMBIA,COLUMBIA
N CONNECTICUT,CONNECTICUT
N CRITTENDEN,CRITTENDEN
N DAKOTA,NORTH DAKOTA
N DELAFIELD,DELAFIELD
N DOWNING,DOWNING
N EADS,EADS
N EAST CAPITOL,EAST CAPITOL
N EASTERN,EASTERN
N ELM,ELM
N EUCLID,EUCLID
N F,F
N FAIRMONT,FAIRMONT
N GATE,NORTHGATE
N GAULT,GAULT
N GLADE,NORTH GLADE
N H,NEW HAMPSHIRE
N H B,NANNIE HELEN BURROUGHS
N H BOURROUGHS,NANNIE HELEN BURROUGHS
N H BRRGH,NANNIE HELEN BURROUGHS
N H BUR,NANNIE HELEN BURROUGHS
N H BURR,NANNIE HELEN BURROUGHS
N H BURROUGH,NANNIE HELEN BURROUGHS
N H BURROUGHS,NANNIE HELEN BURROUGHS
N H BURRS,NANNIE HELEN BURROUGHS
N HAMILTON,HAMILTON
N HAMP,NEW HAMPSHIRE
N HAMPSHIRE,NEW HAMPSHIRE
N HAMPSHIRE AV NW,NEW HAMPSHIRE
N HAMPSHSIRE,NEW HAMPSHIRE
N HAMPTN,NORTHAMPTON
N HAMPTON,NORTHAMPTON
N HAMSPHIRE,NEW HAMPSHIRE
N HLN BUR AV,NANNIE HELEN BURROUGHS
N HOLMEAD,HOLMEAD
N IRVING,IRVING
N ISHERWOOD,ISHERWOOD
N J,NEW JERSEY
N J AVE,NEW JERSEY
N JAY,JAY
N JEFFERSON,JEFFERSON
N JERSEY,NEW JERSEY
N JUST,JUST
N KANE,KANE
N KANSAS,KANSAS
N KENILWORTH,KENILWORTH
N KENNEDY,KENNEDY
N LAMONT,LAMONT
N MASSACHUSETTS,MASSACHUSETTS
N MEGIS,MEIGS
N MEXICO,NEW MEXICO
N MONTELLO,MONTELLO
N NASH,NASH
N NEW HAMPSHIRE,NEW HAMPSHIRE
N NORTH CAPITOL,NORTH CAPITOL
N OTIS,OTIS
N PINEY BRANCH,PINEY BRANCH
N PORTAL,NORTH PORTAL
N PROVIDENCE,PROVIDENCE
N QUINCE,QUINCY
N QUINCY,QUINCY
N RANDOLPH,RANDOLPH
N RHODE ISLAND,RHODE ISLAND
N SARATOGA,SARATOGA
N SHEPHERD,SHEPHERD
N SHERMAN,SHERMAN
N SOMERSET,SOMERSET
N ST AP,N
N T,T
N TENNESSEE,TENNESSEE
N TUCKERMAN,TUCKERMAN
N UNDERWOOD,UNDERWOOD
N UPSHUR,UPSHUR
N VERMONT,VERMONT
N Y,NEW YORK
NALLEY,GALLEY
NALOR,NAYLOR
NALYLOR,NAYLOR
NAN BUREN,VAN BUREN
NANIE HELEN BURRO,NANNIE HELEN BURROUGHS
NANIE HELEN BURROUGH,NANNIE HELEN BURROUGHS
NANIE HELEN BURROUGHS,NANNIE HELEN BURROUGHS
NANNIE BUR,NANNIE HELEN BURROUGHS
NANNIE BURROUGH,NANNIE HELEN BURROUGHS
NANNIE H BURR,NANNIE HELEN BURROUGHS
NANNIE H BURR AVE,NANNIE HELEN BURROUGHS
NANNIE H BURROUGHS,NANNIE HELEN BURROUGHS
NANNIE HBURR,NANNIE HELEN BURROUGHS
NANNIE HELEN BOR,NANNIE HELEN BURROUGHS
NANNIE HELEN BOROUGHS,NANNIE HELEN BURROUGHS
NANNIE HELEN BORROUGHS,NANNIE HELEN BURROUGHS
NANNIE HELEN BOUGH,NANNIE HELEN BURROUGHS
NANNIE HELEN BOURGHS,NANNIE HELEN BURROUGHS
NANNIE HELEN BOURO,NANNIE HELEN BURROUGHS
NANNIE HELEN BOURROUGHS,NANNIE HELEN BURROUGHS
NANNIE HELEN BRRS,NANNIE HELEN BURROUGHS
NANNIE HELEN BUR,NANNIE HELEN BURROUGHS
NANNIE HELEN BUROUGHS,NANNIE HELEN BURROUGHS
NANNIE HELEN BURR,NANNIE HELEN BURROUGHS
NANNIE HELEN BURRO,NANNIE HELEN BURROUGHS
NANNIE HELEN BURROGHS,NANNIE HELEN BURROUGHS
NANNIE HELEN BURROU,NANNIE HELEN BURROUGHS
NANNIE HELEN BURROUG,NANNIE HELEN BURROUGHS
NANNIE HELEN BURROUGH,NANNIE HELEN BURROUGHS
NANNIE HELEN BURRS,NANNIE HELEN BURROUGHS
NANNIE HELEN BURS,NANNIE HELEN BURROUGHS
NANNIE HELLEN BROUGHS,NANNIE HELEN BURROUGHS
NANNIE HELLEN BURROUGHS,NANNIE HELEN BURROUGHS
NANNY HELEN BURROUGHS,NANNIE HELEN BURROUGHS
NAPITOL,NORTH CAPITOL
NASSACHUSETTS,MASSACHUSETTS
NAVADA,NEVADA
NAYLON,NAYLOR
NAYLOR RD SER,NAYLOR
NAYLOR RD SR,NAYLOR
NAYLOR ROD,NAYLOR
NAYLORD,NAYLOR
NC,NORTH CAROLINA
NCAPITAL,NORTH CAPITOL
NCAPITOL,NORTH CAPITOL
NDAKOTA,NORTH DAKOTA
NDPNDNC,INDEPENDENCE
NE NE,NEAL
NE W YORK,NEW YORK
NECOMB,NEWCOMB
NEW COMB,NEWCOMB
NEW HAM,NEW HAMPSHIRE
NEW HAMP,NEW HAMPSHIRE
NEW HAMPAVE,NEW HAMPSHIRE
NEW HAMPHIRE,NEW HAMPSHIRE
NEW HAMPS,NEW HAMPSHIRE
NEW HAMPSHIER,NEW HAMPSHIRE
NEW HAMPSHINE,NEW HAMPSHIRE
NEW HAMPSHIRER,NEW HAMPSHIRE
NEW HAMPSHRIE,NEW HAMPSHIRE
NEW HAMPSIRE,NEW HAMPSHIRE
NEW HAMSHIRE,NEW HAMPSHIRE
NEW HAMSPHIRE,NEW HAMPSHIRE
NEW HAPSHIRE,NEW HAMPSHIRE
NEW HAWPSHIRE,NEW HAMPSHIRE
NEW HEMPSHIRE,NEW HAMPSHIRE
NEW HMP,NEW HAMPSHIRE
NEW HMPSHIRE,NEW HAMPSHIRE
NEW JERESEY,NEW JERSEY
NEW JERESY,NEW JERSEY
NEW JERSE,NEW JERSEY
NEW JERSERY,NEW JERSEY
NEW JERSET,NEW JERSEY
NEW JERSY,NEW JERSEY
NEW JEVERY,NEW JERSEY
NEW MEX,NEW MEXICO
NEWCOLMB,NEWCOMB
NEWHAMPSHIRE,NEW HAMPSHIRE
NEWHAMPSHIREAVE,NEW HAMPSHIRE
NEWJERSEY,NEW JERSEY
NEWMARK,NEWARK
NEWTEN,NEWTON
NEWTON STRREET,NEWTON
NEWTOWN,NEWTON
NH,NEW HAMPSHIRE
NH BUR,NANNIE HELEN BURROUGHS
NH BURR,NANNIE HELEN BURROUGHS
NH BURROUGH,NANNIE HELEN BURROUGHS
NH BURROUGHS,NANNIE HELEN BURROUGHS
NH BURRS,NANNIE HELEN BURROUGHS
NHAMPSHIRE,NEW HAMPSHIRE
NHB,NANNIE HELEN BURROUGHS
NHBURR,NANNIE HELEN BURROUGHS
NHBURRAVE,NANNIE HELEN BURROUGHS
NHBURROUGH,NANNIE HELEN BURROUGHS
NHBURROUGHS,NANNIE HELEN BURROUGHS
NHBURROUHGS,NANNIE HELEN BURROUGHS
NICHLSON,NICHOLSON
NICHOISON,NICHOLSON
NICHOLASON,NICHOLSON
NICHOLSON STS,NICHOLSON
NICHOLSONST,NICHOLSON
NICOLSON,NICHOLSON
NINETEENTH,19TH
NINETEETH,19TH
NINTH,9TH
NJ,NEW JERSEY
NJAVE,NEW JERSEY
NM,NEW MEXICO
NO CAP,NORTH CAPITOL
NO CAPITAL,NORTH CAPITOL
NO CAPITOL,NORTH CAPITOL
NO CAROL,NORTH CAROLINA
NOETH CAPITOL,NORTH CAPITOL
NOR CAPITOL,NORTH CAPITOL
NORH CAPITAL,NORTH CAPITOL
NORH CAPITOL,NORTH CAPITOL
NORTH C IOL,NORTH CAPITOL
NORTH CAP,NORTH CAPITOL
NORTH CAPIITOL,NORTH CAPITOL
NORTH CAPIRAL,NORTH CAPITOL
NORTH CAPITAL,NORTH CAPITOL
NORTH CAPITON,NORTH CAPITOL
NORTH CAPST,NORTH CAPITOL
NORTH CAPT,NORTH CAPITOL
NORTH CAPTIAL,NORTH CAPITOL
NORTH CAPTIOL,NORTH CAPITOL
NORTH CAPTITOL,NORTH CAPITOL
NORTH CAPTOL,NORTH CAPITOL
NORTH CAROLINIA A,NORTH CAROLINA
NORTH HAMPTON,NORTHAMPTON
NORTHAMPT,NORTHAMPTON
NORTHHAMPTON,NORTHAMPTON
NSTREET,N
NW 12TH,12TH
NY,NEW YORK
OAK ST NWCT,OAK
OAK WOOD,OAKWOOD
OAKLAHOMA,OKLAHOMA
OAKWOOK,OAKWOOD
OATS,OATES
OBSERVERTORY,OBSERVATORY
OBSERVTRY,OBSERVATORY
ODEN,OGDEN
ODGEN,OGDEN
ODGYEN,OGDEN
OGDENS,OGDEN
OGDENT,OGDEN
OGDON,OGDEN
OGELETHORPE,OGLETHORPE
OGELTHORP,OGLETHORPE
OGELTHORPE,OGLETHORPE
OGELTHROPE,OGLETHORPE
OGELTHRPE,OGLETHORPE
OGEN,OGDEN
OGLENTHROPE,OGLETHORPE
OGLETHARPE,OGLETHORPE
OGLETHOPRE,OGLETHORPE
OGLETHORGE,OGLETHORPE
OGLETHORP,OGLETHORPE
OGLETHORPEST,OGLETHORPE
OGLETHROPE,OGLETHORPE
OGLETHRPE,OGLETHORPE
OGLETTHORPE,OGLETHORPE
OGLOTHORPE,OGLETHORPE
OGLRTHORPE,OGLETHORPE
OGLTHORPE,OGLETHORPE
OLETHORPE,OGLETHORPE
OLGELTHORPE,OGLETHORPE
OLGETHORPE,OGLETHORPE
OLGETHROPE,OGLETHORPE
OLGLETHORPE,OGLETHORPE
OLIVET,OLIVE
OLLINOIS,ILLINOIS
ONEDIA,ONEIDA
ONEID,ONEIDA
ONEIDE,ONEIDA
ONEINA,ONEIDA
ONIEDA,ONEIDA
ONTAIO,ONTARIO
ONTANIO,ONTARIO
ONTARION,ONTARIO
ONTATRIO,ONTARIO
OQLETHORPE,OGLETHORPE
OREGON KN,OREGON KNOLLS
ORGANE,ORANGE
ORLEAN,ORLEANS
ORQANGE,ORANGE
OSTIS,OTIS
OWENS,OWEN
OWNE,OWEN
OWNES,OWEN
PA,PENNSYLVANIA
PA AVEN,PENNSYLVANIA
PALISADES,PALISADE
PAPERMILL,PAPER MILL
PARD,PARK
PARKROAD,PARK
PARKSIDR,PARKSIDE
PAT ROBERT HARRIS,PATRICIA ROBERTS HARRIS
PATRICIA HARRIS,PATRICIA ROBERTS HARRIS
PATRICIA ROBERT HARRIS,PATRICIA ROBERTS HARRIS
PATRICIA ROBERTS H,PATRICIA ROBERTS HARRIS
PATRICIA ROBERTS HARR,PATRICIA ROBERTS HARRIS
PATRICIA ROBERTS HARRIS P,PATRICIA ROBERTS HARRIS
PATRICK CI,PATRICK
PATRICK CIRLCE,PATRICK
PEABOBYST,PEABODY
PEADBODY,PEABODY
PEAODY,PEABODY
PEMEROY,POMEROY
PENNAYLVANIA,PENNSYLVANIA
PENNSILVANIA,PENNSYLVANIA
PENNSLYVANIA,PENNSYLVANIA
PENNSYIVANIA,PENNSYLVANIA
PENNSYLANIA,PENNSYLVANIA
PENNSYLVANIAA,PENNSYLVANIA
PENNSYLVANIE,PENNSYLVANIA
PENNSYLVANINA,PENNSYLVANIA
PENNSYLVANNIA,PENNSYLVANIA
PENNYSLIVINA,PENN
PENNYSLVANIA,PENNSYLVANIA
PENSYLVANIA,PENNSYLVANIA
PEPER MILL,PAPER MILL
PERRY ST AP,PERRY
PHELPLS,PHELPS
PIERCE ML,PIERCE MILL
PINEY BR,PINEY BRANCH
PINEY BRACH,PINEY BRANCH
PINEY BRCH,PINEY BRANCH
PINEY BRROAD,PINEY BRANCH
PINEYBRANCH,PINEY BRANCH
PINVIEW,PINEVIEW
PK,PARK
PLEASSANT,PLEASANT
POLMEROY,POMEROY
POMERAY,POMEROY
POMERORY,POMEROY
POMEROY DR,POMEROY
POMEROY RS,POMEROY
POMERY,POMEROY
POMOROY,POMEROY
POMROY,POMEROY
POND,PONDS
PONDS ST REET,PONDS
PORTES,PORTER
PORTLAND,CORTLAND
POTAMAC,POTOMAC
POWHANTAN,POWHATAN
POWHATON,POWHATAN
PRIMOSE,PRIMROSE
PRINCTON,PRINCETON
PROMEROY,POMEROY
PROVIDNCE,PROVIDENCE
PROVINDICE,PROVIDENCE
PST,P
QATES,BATES
QINCY,QUINCY
QN CHAPEL,QUEENS CHAPEL
QN CHPL,QUEENS CHAPEL
QUACKENBAS,QUACKENBOS
QUACKENBROS,QUACKENBOS
QUACKERSBES,QUACKENBOS
QUACKNBROS,QUACKENBOS
QUAKENBOS,QUACKENBOS
QUALES,QUARLES
QUALRES,QUARLES
QUANLES,QUARLES
QUARELS,QUARLES
QUARLES S,QUARLES
QUARRLES,QUARLES
QUBEC,QUEBEC
QUCHAPEL,QUEENS CHAPEL
QUE,Q
QUEBAC,QUEBEC
QUEEN ANN,QUEEN ANNES
QUEEN CHAPEL,QUEENS CHAPEL
QUEEN S STROLL,QUEEN'S STROLL
QUEEN STRODE,QUEEN'S STROLL
QUEEN STROLL,QUEEN'S STROLL
QUEENS,QUEEN
QUEENS CHAPLE,QUEENS CHAPEL
QUEENS STROLL,QUEEN'S STROLL
QUEENSTROLL,QUEEN
QUINCEY,QUINCY
QUINCT,QUINCY
QUINEY,QUINCY
QUINTENA,QUINTANA
QUINTONA,QUINTANA
QUNICY,QUINCY
R I,RHODE ISLAND
R OBINSON,ROBINSON
RALDOLPH,RANDOLPH
RALIEGH,RALEIGH
RANDALL,RANDLE
RANDOIPH,RANDOLPH
RANDOLF,RANDOLPH
RANDOLOPH,RANDOLPH
RANDOLP,RANDOLPH
RANDOLPHST,RANDOLPH
RANDOPH,RANDOLPH
RATNOLDS,RAYNOLDS
RAYNOLD,RAYNOLDS
RAYNOLDO,RAYNOLDS
RCK CK FD,ROCK CREEK
RCK CR,ROCK CREEK
RCK CRK CH,ROCK CREEK
RCK CRK CHR,ROCK CREEK
RCK CRK CHURROAD,ROCK CREEK CHURCH
RCK CRK CRK,ROCK CREEK
RD ISLAND,RHODE ISLAND
RDG CRST,RIDGECREST
RDGCRST,RIDGECREST
RDGE CRST,RIDGECREST
RDGECREST,RIDGECREST
REAR 18TH,18TH
RED BUD,REDBUD
REIGHLEY,RALEIGH
RELMONT,BELMONT
RESERVIOR,RESERVOIR
RESEVOIR,RESERVOIR
RESVOIR,RESERVOIR
REYNOLD,RAYNOLDS
REYNOLDS,RAYNOLDS
RH IS,RHODE ISLAND
RHIODE ISLAND,RHODE ISLAND
RHOAD ISLAND,RHODE ISLAND
RHOD ISLAND,RHODE ISLAND
RHODE,RHODE ISLAND
RHODE I,RHODE ISLAND
RHODE IS,RHODE ISLAND
RHODE ISAND,RHODE ISLAND
RHODE ISL,RHODE ISLAND
RHODE ISLAN,RHODE ISLAND
RHODE ISLANE,RHODE ISLAND
RHODE ISLD,RHODE ISLAND
RHODEISLAND,RHODE ISLAND
RHOHE ISLAND,RHODE ISLAND
RHOLDE ISLAND,RHODE ISLAND
RHONDE ISLAND,RHODE ISLAND
RI,RHODE ISLAND
RIDDECREST,RIDGECREST
RIDECREST,RIDGECREST
RIDGCREST,RIDGECREST
RIDGCRST,RIDGECREST
RIDGE CREST,RIDGECREST
RIDGE PT,RIDGE
RIDGECRECT,RIDGECREST
RIDGECRES,RIDGECREST
RIDGECREST TOURT,RIDGECREST
RIDGECRST,RIDGECREST
RIDGECRUST,RIDGECREST
RIDGECT,RIDGECREST
RIDGERCREST,RIDGECREST
RIDGES,RIDGE
RIDGESCREST,RIDGECREST
RIDGESREST,RIDGECREST
RIDGRECREST,RIDGECREST
RIGE,RIDGE
RIGG,RIGGS
RITENHOUSE,RITTENHOUSE
RITTEHOUSE,RITTENHOUSE
RITTEN HOUSE,RITTENHOUSE
RITTENHOU,RITTENHOUSE
RITTENHOUS,RITTENHOUSE
RITTERHOUSE,RITTENHOUSE
RITTNHOUSE,RITTENHOUSE
RIVEDALE,RIVER
RK CK FD,ROCK CREEK
RK CK FR,ROCK CREEK FORD
RK CR,ROCK CREEK
RK CREEK,ROCK CREEK
RK CRK FD,ROCK CREEK
RKCRK FORD,ROCK CREEK FORD
RLVANS,ELVANS
ROBERSON,ROBINSON
ROBERT CLIFTON WEA,ROBERT CLIFTON WEAVER
ROBINISON,ROBINSON
ROBINON,ROBINSON
ROBINSO,ROBINSON
ROBINSON PLKL,ROBINSON
ROBINSONPL,ROBINSON
ROBINSPN,ROBINSON
ROBINSSON,ROBINSON
ROBINSTON,ROBINSON
ROBONSON,ROBINSON
ROBSINSON,ROBINSON
ROCK CHEEK CH,ROCK CREEK CHURCH
ROCK CHURCH,ROCK CREEK CHURCH
ROCK CIR CHURCH R,ROCK CREEK CHURCH
ROCK CIR FORD,ROCK CREEK FORD
ROCK CK CH,ROCK CREEK CHURCH
ROCK CK CHURCH,ROCK CREEK CHURCH
ROCK CREED FORD R,ROCK CREEK FORD
ROCK CREEK CH,ROCK CREEK CHURCH
ROCK CREEK CHRUCH,ROCK CREEK CHURCH
ROCK CREEK CHUNCH,ROCK CREEK CHURCH
ROCK CREEK CHURCH R,ROCK CREEK CHURCH
ROCK CREEK CHURCH RD NEUN,ROCK CREEK CHURCH
ROCK CREEK CHURCH RD NWUN,ROCK CREEK CHURCH
ROCK CREEK CHURCH RD NWUN),ROCK CREEK CHURCH
ROCK CREEK CHURCH ROADNE,ROCK CREEK CHURCH
ROCK CREEK FD,ROCK CREEK FORD
ROCK CREEK FORD D,ROCK CREEK CHURCH
ROCK CREEK FORD L,ROCK CREEK FORD
ROCK CREEK FORD R,ROCK CREEK FORD
ROCK CREEK FORD RD T,ROCK CREEK FORD
ROCK CREEK FORT R,ROCK CREEK FORD
ROCK CREEK FRD DR,ROCK CREEK FORD
ROCK CREEK RORD,ROCK CREEK
ROCK CREET CHURCH,ROCK CREEK CHURCH
ROCK CRK CH,ROCK CREEK
ROCK CRK CHURCH R,ROCK CREEK CHURCH
ROCK CRK FRROAD,ROCK CREEK FORD
ROCKCR CH,ROCK CREEK
ROCKCREEK,ROCK CREEK
ROCKCREEK CH,ROCK CREEK CHURCH
ROCKCREEK CHROAD,ROCK CREEK CHURCH
ROCKCREEK CHURCH,ROCK CREEK CHURCH
ROCKCREEK CHURCH R,ROCK CREEK CHURCH
ROCKCREEK FD,ROCK CREEK FORD
ROCKCREEK FORD,ROCK CREEK CHURCH
ROCKCREEKFORD,ROCK CREEK FORD
ROCKCRFORD,ROCK CREEK FORD
ROCKCRKFORDRD,ROCK CREEK FORD
ROCKCRKFORDROADNW,ROCK CREEK FORD
ROCKSBORO,ROXBORO
RODGE,RIDGE
RODINSON,ROBINSON
ROHDE ISLAND,RHODE ISLAND
ROKANNA,ROXANNA
ROSDALE,ROSEDALE
ROSE DALE,ROSEDALE
ROSEDALE DR,ROSEDALE
ROSEDALE STRRT,ROSEDALE
ROSEDDALE,ROSEDALE
ROSEMOMT,ROSEMOUNT
ROSEMONT,ROSEMOUNT
ROSENDALE,ROSEDALE
ROSERDALE,ROSEDALE
ROXANNE,ROXANNA
ROXBOURO,ROXBORO
RRIDGE,RIDGE
RTTENHOUSE,RITTENHOUSE
RTTHOUSE,RITTENHOUSE
RTTNHOUSE,RITTENHOUSE
RUNNYMEAD,RUNNYMEDE
RUNNYMEADE,RUNNYMEDE
S 13,13TH
S 1ST,1ST
S 24TH,24TH
S 28TH,28TH
S 30,30TH
S 37,37TH
S 37TH,37TH
S 3RD,3RD
S 51ST,51ST
S 6TH,6TH
S 9TH,9TH
S ALABAMA,ALABAMA
S ANACOSTIA,ANACOSTIA
S BURNS,BURNS
S CAP,SOUTH CAPITOL
S CAPITAL,SOUTH CAPITOL
S CAPITOL,SOUTH CAPITOL
S CARO,SOUTH CAROLINA
S CAROL,CARROLL
S CAROLINA,SOUTH CAROLINA
S D,D
S DAKOTA,SOUTH DAKOTA
S DOUGLAS,DOUGLAS
S ERIE,ERIE
S FORRESTER,FORRESTER
S FORT DAVIS,FORT DAVIS
S FT DUPONT,FORT DUPONT
S G,G
S GALVESTON,GALVESTON
S GOOD HOPE,GOOD HOPE
S K,K
S LANGSTON,LANGSTON
S MLK JR,MARTIN LUTHER KING JR
S N,N
S NEWCOMB,NEWCOMB
S OAKWOOD,OAKWOOD
S PENNSYLVANIA,PENNSYLVANIA
S POMEROY,POMEROY
S PORTAL,PORTAL
S R,R
S SAVANNAH,SAVANNAH
S SKYLAND,SKYLAND
S SOUTH CAPITOL,SOUTH CAPITOL
S ST WEST,WEST
S STANTON,STANTON
S STEVENS,STEVENS
S TALBERT,TALBERT
S TANNER,TANNER
S V,V
S VIRGINIA,VIRGINIA
S WHEELER HILL,WHEELER HILL
SAINT FRANCIS DESALES,ST FRANCIS DE SALES
SAINT MATHEWS,ST MATTHEWS
SAINT MATTHEWS,ST MATTHEWS
SALEM LAKE,SALEM
SANDY SPRINGS,SANDY SPRING
SANTON,STANTON
SANVANHA,SAVANNAH
SARAGOTA,SARATOGA
SARANNAH,SAVANNAH
SARAOGA,SARATOGA
SARAT0GA,SARATOGA
SARATAGA,SARATOGA
SARATEGA,SARATOGA
SARATOGO,SARATOGA
SARATOSA,SARATOGA
SARGEANT,SARGENT
SARGEN,SARGENT
SARGENT RAOD,SARGENT
SAROTOGA,SARATOGA
SATON,SEATON
SAV,SAVANNAH
SAVAANAH,SAVANNAH
SAVAHANNAH,SAVANNAH
SAVAHHAN,SAVANNAH
SAVAHNAH,SAVANNAH
SAVANA,SAVANNAH
SAVANAAH,SAVANNAH
SAVANAH,SAVANNAH
SAVANHA,SAVANNAH
SAVANNA,SAVANNAH
SAVANNAN,SAVANNAH
SAVANNH,SAVANNAH
SAVANNHA,SAVANNAH
SAVANNNAH,SAVANNAH
SAVSNNAH,SAVANNAH
SAVVANAH,SAVANNAH
SAVVANNAH,SAVANNAH
SC,SOUTH CAROLINA
SC TT,SCOTT
SCAIPTOL,SOUTH CAPITOL
SCAPITAL,SOUTH CAPITOL
SCAPITOL,SOUTH CAPITOL
SCOT,SCOTT
SCOTT DREW,SCOTT
SDAKOTA,SOUTH DAKOTA
SE HOPE,GOOD HOPE
SEARGENT,SARGENT
SEDAR,CEDAR
SEDGEWICK,SEDGWICK
SEDOWICK,SEDGWICK
SEDWICK,SEDGWICK
SERGENT,SARGENT
SEVENS,STEVENS
SEVENTEENTH,17TH
SEVENTH,7TH
SEWARDS,SEWARD
SHARRON,SHANNON
SHEFIFF,SHERIFF
SHEMAN,SHERMAN
SHEPARD,SHEPHERD
SHEPERD,SHEPHERD
SHEPHARD,SHEPHERD
SHEPHERD STERET,SHEPHERD
SHEPPERD,SHEPHERD
SHERDIAN,SHERIDAN
SHERHARD,SHEPHERD
SHERIDAIN,SHERIDAN
SHERIDEN,SHERIDAN
SHERIDIAN,SHERIDAN
SHERMAN AVEL,SHERMAN
SHERPHERD,SHEPHERD
SHERRIER,SHERIER
SHERRIF,SHERIFF
SHERRIFF,SHERIFF
SHIPLEYTERR,SHIPLEY
SHIPPEN LAND,SHIPPEN
SHIRLEY,SHIPLEY
SHPHERD,SHEPHERD
SIMMIS,SIMMS
SIXTEENTH,16TH
SIXTEENTH ST AP,16TH
SIXTH,6TH
SKYLINE,SKYLAND
SLIGO MILLS,SLIGO MILL
SLIGO MLL,SLIGO MILL
SMITH PL 36B,SMITH
SND,2ND
SNDY SPRG,SANDY SPRING
SO,SOUTH CAROLINA
SO CAP,SOUTH CAPITOL
SO CAPITAL,SOUTH CAPITOL
SO CAPITOL,SOUTH CAPITOL
SO CAPT,SOUTH CAPITOL
SO CAPTST,SOUTH CAPITOL
SO CARO,SOUTH CAROLINA
SO CAROLINA,SOUTH CAROLINA
SO DAKOTA,SOUTH DAKOTA
SOMERS,SOMERSET
SOMERSETH,SOMERSET
SOMMERSET,SOMERSET
SOMNER,SUMNER
SOSUTH DAKOTA,SOUTH DAKOTA
SOTHERN,SOUTHERN
SOUCAP,SOUTH CAPITOL
SOUGHERN,SOUTHERN
SOUHERN,SOUTHERN
SOUNTHERN,SOUTHERN
SOURTHERN,SOUTHERN
SOUTERN,SOUTHERN
SOUTH CAITOL,SOUTH CAPITOL
SOUTH CAP,SOUTH CAPITOL
SOUTH CAPITAL,SOUTH CAPITOL
SOUTH CAPITOA,SOUTH CAPITOL
SOUTH CAPST,SOUTH CAPITOL
SOUTH CAPT,SOUTH CAPITOL
SOUTH CAPTIOL,SOUTH CAPITOL
SOUTH CAPTST,SOUTH CAPITOL
SOUTH DAK,SOUTH DAKOTA
SOUTH DAKAVE,SOUTH DAKOTA
SOUTH DAKOT,SOUTH DAKOTA
SOUTH HALL,SOUTHALL
SOUTHBALL,SOUTHALL
SOUTHEERN,SOUTHERN
SOUTHEN,SOUTHERN
SOUTHER,SOUTHERN
SOUTHERN ACE,SOUTHERN
SOUTHERN AVENUESE,SOUTHERN
SOUTHERN AVR,SOUTHERN
SOUTHERRN,SOUTHERN
SOUTHHALL,SOUTHALL
SOUTHN CAP,SOUTH CAPITOL
SOUTHREN,SOUTHERN
SOUTNERN,SOUTHERN
SPING,SPRING
SPRINGLND,SPRINGLAND
SPRINGRD,SPRING
SPRNGDALE,SPRINGDALE
SRATOGA,SARATOGA
SRPING,SPRING
SST,S
ST MARYS,SAINT MARYS
ST MATTHEW S,ST MATTHEWS
STABTON,STANTON
STANON,STANTON
STANTAN,STANTON
STANTON RAOD,STANTON
STANTON RO,STANTON
STANTON ROADD,STANTON
STANTON ROADSE,STANTON
STAPLE,STAPLES
STATEN,STATE
STATION,STANTON
STATNON,STANTON
STATON,STANTON
STEPHENSEN,STEPHENSON
STEPHENSN,STEPHENSON
STEPHESON,STEPHENSON
STEPHNSON,STEPHENSON
STERLNG,FIRTH STERLING
STERVENS,STEVENS
STEVEN,STEVENS
STEVNS,STEVENS
STSNTON,STANTON
STUITLANDTER,SUITLAND
STUYVESNT,STUYVESANT
STYVESANT,STUYVESANT
SUITLND,SUITLAND
SUMERSET,SOMERSET
SUMMER,SUMNER
SUMMERSET,SOMERSET
SUMMITT,SUMMIT
SUNMER,SUMNER
SUTER,SUTERS
SWAIN,SWANN
SWAN,SWANN
TABIAS,TOBIAS
TALBART,TALBERT
TASSIUG,TAUSSIG
TAUSSING,TAUSSIG
TAYLER,TAYLOR
TAYLORS,TAYLOR
TBMAN,TUBMAN
TEAXAS,TEXAS
TENN,TENNESSEE
TENNESEE,TENNESSEE
TENNESSE,TENNESSEE
TENNESSESS,TENNESSEE
TENNESSSEE,TENNESSEE
TENTH,10TH
TERNTON,TRENTON
TERRANCE,TERRACE
TEWEKESBURY,TEWKESBURY
TEWEKSBURG,TEWKESBURY
TEWESBURY,TEWKESBURY
TEWKESBERY,TEWKESBURY
TEWKESBUR,TEWKESBURY
TEWKESBURG,TEWKESBURY
TEWKESBURRY,TEWKESBURY
TEWKSBURY,TEWKESBURY
TEWSKESBURY,TEWKESBURY
TEX,TEXAS
THEO R HG,THEODORE R HAGANS
THEODOORE R HAGANS,THEODORE R HAGANS
THEODORE HAGANS,THEODORE R HAGANS
THEODORE R HAGAN,THEODORE R HAGANS
THIESEN,THEISEN
THIRTEENTH,13TH
THOMAS JEFF,THOMAS JEFFERSON
TIGEY,TINGEY
TILDENT,TILDEN
TILDER,TILDEN
TINIDAD,TRINIDAD
TINSEY,TINGEY
TIRNNIDAD,TRINIDAD
TOBIA,TOBIAS
TOBIES,TOBIAS
TOBIS,TOBIAS
TOBMAN,TUBMAN
TOWNSEND,TOWN CENTER
TR,TERRACE
TRANTON,TRENTON
TRENTION,TRENTON
TRENTO,TRENTON
TRENTONT,TRENTON
TRENTTON,TRENTON
TRETON,TRENTON
TRIDINDAD,TRINIDAD
TRINADAD,TRINIDAD
TRINDAD,TRINIDAD
TRINDIDAD,TRINIDAD
TRINIDA,TRINIDAD
TRININBAD,TRINIDAD
TRININDAD,TRINIDAD
TRNETON,TRENTON
TRNIDAD,TRINIDAD
TRUMBUL,TRUMBULL
TRUMONT,TREMONT
TST,T
TUCKERMANN,TUCKERMAN
TUKERMAN,TUCKERMAN
TUNLAN,TUNLAW
TUNLW,TUNLAW
TUNMAN,TUBMAN
TUTTET,TURRET
TWELFTH,12TH
TWELVETH,12TH
TWENTY 2ND,22ND
TWENTYSECOND,22ND
TYLOR,TAYLOR
UAN BUREN,VAN BUREN
ULAND,UHLAND
UNDERWOOOD,UNDERWOOD
UNDEWOOD,UNDERWOOD
UNLAND,UHLAND
UOTON,UPTON
UPHUR,UPSHUR
UPSACLE,UPSAL
UPSALL,UPSAL
UPSHER,UPSHUR
UPSHURE,UPSHUR
UPTEN,UPTON
UST,U
UTAH ANE,UTAH
VA,VIRGINIA
VALEY,VALLEY
VALLEY GREEN,VALLEY
VALLEY PL ASE,VALLEY
VAN BRUEN,VAN BUREN
VAN NES EAST,VAN NESS
VANBUREN,VAN BUREN
VANESS,VAN NESS
VANESSE,VAN NESS
VANHOE,IVANHOE
VANN NESS,VAN NESS
VANNESS,VAN NESS
VARNDY,VARNEY
VARNUN,VARNUM
VARUM,VARNUM
VEAZEU,VEAZEY
VEAZY,VEAZEY
VEE,V
VEMONT,VERMONT
VERBANA,VERBENA
VERMEONT,VERMONT
VERNEY,VARNEY
VERNOON,VERNON
VERPLANK,VERPLANCK
VIRGINA,VIRGINIA
VON BUREN,VAN BUREN
VQLLEY,VALLEY
VST,V
VT,VERMONT
W BEACH,WEST BEACH
W LA,WEST LANE
W VA,WEST VIRGINIA
W VIRGINA,WEST VIRGINIA
W VIRGINIA,WEST VIRGINIA
W WISCONSIN,WISCONSIN
WA CLARK,WACLARK
WAARDER,WARDER
WAGNER S,WAGNER
WAHLER L,WAHLER
WALBRIGE,WALBRIDGE
WALER,WAHLER
WALLACE,WALLACH
WALLADA,WALLACH
WALLER,WALTER
WALTER HARPE,WALTER HOUP
WALTER HOUPE,WALTER HOUP
WALTER HP,WALTER HOUP
WANGER,WAGNER
WARDERT,WARDER
WAREN,WARREN
WARNDER,WARDER
WASH,WASHINGTON
WASHINGTON OVERLOOK,WASHINGTON
WASHINTON,WASHINGTON
WATON,WATSON
WAVER,WEAVER
WEBSER,WEBSTER
WEBSTAER,WEBSTER
WEBSTERS,WEBSTER
WEBTSTER,WEBSTER
WEST LA,WEST LANE
WEST VA,WEST VIRGINIA
WEST VIRGINA,WEST VIRGINIA
WEST VIRIGINA,WEST VIRGINIA
WEST VIRIGINIA,WEST VIRGINIA
WESTER,WESTERN
WESTIMINSTER,WESTMINSTER
WESTMINISTER,WESTMINSTER
WESTMINSTR,WESTMINSTER
WESTMISTER,WESTMINSTER
WESTMNSTER,WESTMINSTER
WESTMNSTR,WEST
WESTWAY,WEST
WESWETOVER,WESTOVER
WESY VIRGINIA,WEST VIRGINIA
WHALER,WAHLER
WHALER PLSCE,WAHLER
WHEELER HILLS,WHEELER HILL
WHEELER ROAD DC,WHEELER
WHEELRHIL,WHEELER HILL
WHELER,WHEELER
WHELLER,WHEELER
WHIITTIER,WHITTIER
WHITEHAEN,WHITEHAVEN
WHITEHAVN,WHITEHAVEN
WHITHER,WHITTIER
WHITTER,WHITTIER
WHITTLER,WHITTIER
WHLR HILL,WHEELER HILL
WHTTIER,WHITTIER
WICONSIN,WISCONSIN
WILBOURNE,KILBOURNE
WILIMINGTON,WILMINGTON
WILLAR,WILLARD
WILLIMGTON,WILLIAMS
WILLINGTON,WILMINGTON
WILLLARD,WILLARD
WILMIGTON,WILMINGTON
WILMINGTN,WILMINGTON
WINDAM,WINDY
WINDOW,WINDOM
WINFILD,WINFIELD
WINSCONSIN,WISCONSIN
WINSOM,WINDOM
WIS,WISCONSIN
WISC,WISCONSIN
WISCON,WISCONSIN
WISCONCIN,WISCONSIN
WISCONSIN AVE W,WISCONSIN
WISCONSN,WISCONSIN
WISCONSON,WISCONSIN
WISONSIN,WISCONSIN
WITEHAVEN,WHITEHAVEN
WORTHNGTN,WORTHINGTON
WOYMING,WYOMING
WRIGHTCICLE,WRIGHT
WVIRGINIA,WEST VIRGINIA
WWODLY,WOODLEY
WYLE,WYLIE
XEINA,XENIA
XENIA PLACESE,XENIA
YUMIA,YUMA
YUMMA,YUMA
ZENIA,XENIA
